[
  {
    "id": 1,
    "author": null,
    "date": "May 20, 2021",
    "content": "Praesent id massa id nisl venenatis lacinia. Aenean sit amet justo. Morbi ut odio.",
    "parentId": null,
    "like": { "count": 96, "isLiked": false },
    "childrens": null
  },

  {
    "id": 3,
    "author": null,
    "date": "May 20, 2021",
    "content": "Mauris enim leo, rhoncus sed, vestibulum sit amet, cursus id, turpis. Integer aliquet, massa id lobortis convallis, tortor risus dapibus augue, vel accumsan tellus nisi eu orci. Mauris lacinia sapien quis libero.\n\nNullam sit amet turpis elementum ligula vehicula consequat. Morbi a ipsum. Integer a nibh.",
    "parentId": 7,
    "like": { "count": 66, "isLiked": true },
    "childrens": null
  },
  {
    "id": 4,
    "author": null,
    "date": "May 20, 2021",
    "content": "In sagittis dui vel nisl. Duis ac nibh. Fusce lacus purus, aliquet at, feugiat non, pretium quis, lectus.\n\nSuspendisse potenti. In eleifend quam a odio. In hac habitasse platea dictumst.",
    "parentId": 1,
    "like": { "count": 45, "isLiked": true },
    "childrens": null
  },

  {
    "id": 6,
    "author": null,
    "date": "May 20, 2021",
    "content": "Donec diam neque, vestibulum eget, vulputate ut, ultrices vel, augue. Vestibulum ante ipsum primis in faucibus orci luctus et ultrices posuere cubilia Curae; Donec pharetra, magna vestibulum aliquet ultrices, erat tortor sollicitudin mi, sit amet lobortis sapien sapien non mi. Integer ac neque.\n\nDuis bibendum. Morbi non quam nec dui luctus rutrum. Nulla tellus.",
    "parentId": null,
    "like": { "count": 45, "isLiked": false },
    "childrens": null
  },
  {
    "id": 7,
    "author": null,
    "date": "May 20, 2021",
    "content": "Morbi porttitor lorem id ligula. Suspendisse ornare consequat lectus. In est risus, auctor sed, tristique in, tempus sit amet, sem.",
    "parentId": null,
    "like": { "count": 30, "isLiked": true },
    "childrens": null
  },
  {
    "id": 8,
    "author": null,
    "date": "May 20, 2021",
    "content": "Cras mi pede, malesuada in, imperdiet et, commodo vulputate, justo. In blandit ultrices enim. Lorem ipsum dolor sit amet, consectetuer adipiscing elit.",
    "parentId": null,
    "like": { "count": 100, "isLiked": false },
    "childrens": null
  },
  {
    "id": 9,
    "author": null,
    "date": "May 20, 2021",
    "content": "Praesent blandit. Nam nulla. Integer pede justo, lacinia eget, tincidunt eget, tempus vel, pede.",
    "parentId": 3,
    "like": { "count": 95, "isLiked": false },
    "childrens": null
  },
  {
    "id": 10,
    "author": null,
    "date": "May 20, 2021",
    "content": "Cum sociis natoque penatibus et magnis dis parturient montes, nascetur ridiculus mus. Vivamus vestibulum sagittis sapien. Cum sociis natoque penatibus et magnis dis parturient montes, nascetur ridiculus mus.\n\nEtiam vel augue. Vestibulum rutrum rutrum neque. Aenean auctor gravida sem.",
    "parentId": 4,
    "like": { "count": 56, "isLiked": false },
    "childrens": null
  }
]
