[
  {
    "id": "da39f21a-8af8-401a-93dd-4371c518f9cf",
    "authorId": 4,
    "date": "May 20, 2021",
    "href": "/listing-experiences-detail",
    "listingCategoryId": 4,
    "title": "generate interactive markets",
    "featuredImage": "https://a0.muscache.com/im/pictures/lombard/MtTemplate-1435866-media_library/original/38d6b5ea-abcc-4876-acb4-e5b79586c37c.jpeg?im_w=1200",
    "galleryImgs": [
      "https://a0.muscache.com/im/pictures/lombard/MtTemplate-1435866-media_library/original/38d6b5ea-abcc-4876-acb4-e5b79586c37c.jpeg?im_w=1200",
      "https://a0.muscache.com/im/pictures/lombard/MtTemplate-1435866-media_library/original/38d6b5ea-abcc-4876-acb4-e5b79586c37c.jpeg?im_w=1200",
      "https://a0.muscache.com/im/pictures/lombard/MtTemplate-1435866-media_library/original/38d6b5ea-abcc-4876-acb4-e5b79586c37c.jpeg?im_w=1200",
      "https://a0.muscache.com/im/pictures/lombard/MtTemplate-1435866-media_library/original/38d6b5ea-abcc-4876-acb4-e5b79586c37c.jpeg?im_w=1200"
    ],
    "commentCount": 64,
    "viewCount": 369,
    "like": true,
    "address": "2 Warner Alley",
    "reviewStart": 4.4,
    "reviewCount": 478,
    "price": "$200",
    "maxGuests": 6,
    "saleOff": null,
    "isAds": null,
    "map": { "lat": 55.2094559, "lng": 61.5594641 }
  },
  {
    "id": "2cf0b92c-75d0-490b-ab77-0a0e0a2cc01c",
    "authorId": 9,
    "date": "May 20, 2021",
    "href": "/listing-experiences-detail",
    "listingCategoryId": 20,
    "title": "deliver dynamic e-services",
    "featuredImage": "https://images.pexels.com/photos/6455686/pexels-photo-6455686.jpeg?auto=compress&cs=tinysrgb&dpr=2&h=750&w=1260",
    "galleryImgs": [
      "https://images.pexels.com/photos/6455686/pexels-photo-6455686.jpeg?auto=compress&cs=tinysrgb&dpr=2&h=750&w=1260",
      "https://images.pexels.com/photos/6455686/pexels-photo-6455686.jpeg?auto=compress&cs=tinysrgb&dpr=2&h=750&w=1260",
      "https://images.pexels.com/photos/6455686/pexels-photo-6455686.jpeg?auto=compress&cs=tinysrgb&dpr=2&h=750&w=1260",
      "https://images.pexels.com/photos/6455686/pexels-photo-6455686.jpeg?auto=compress&cs=tinysrgb&dpr=2&h=750&w=1260"
    ],
    "commentCount": 62,
    "viewCount": 864,
    "like": false,
    "address": "620 Clove Park",
    "reviewStart": 3.2,
    "reviewCount": 566,
    "price": "$249",
    "maxGuests": 6,
    "saleOff": null,
    "isAds": null,
    "map": { "lat": 55.1972153, "lng": 61.4407266 }
  },
  {
    "id": "c518fdde-8e29-46d0-b7d1-6d0d3450aec3",
    "authorId": 7,
    "date": "May 20, 2021",
    "href": "/listing-experiences-detail",
    "listingCategoryId": 11,
    "title": "productize holistic deliverables",
    "featuredImage": "https://images.pexels.com/photos/5560867/pexels-photo-5560867.jpeg?auto=compress&cs=tinysrgb&dpr=3&h=750&w=1260",
    "galleryImgs": [
      "https://images.pexels.com/photos/5560867/pexels-photo-5560867.jpeg?auto=compress&cs=tinysrgb&dpr=3&h=750&w=1260",
      "https://images.pexels.com/photos/5560867/pexels-photo-5560867.jpeg?auto=compress&cs=tinysrgb&dpr=3&h=750&w=1260",
      "https://images.pexels.com/photos/5560867/pexels-photo-5560867.jpeg?auto=compress&cs=tinysrgb&dpr=3&h=750&w=1260"
    ],
    "commentCount": 56,
    "viewCount": 97,
    "like": false,
    "address": "5 Butterfield Avenue",
    "reviewStart": 3.5,
    "reviewCount": 147,
    "price": "$88",
    "maxGuests": 6,
    "saleOff": null,
    "isAds": null,
    "map": { "lat": 55.247483, "lng": 61.5229791 }
  },
  {
    "id": "caeb9c40-e4b9-41b0-95c7-befc2cc889bc",
    "authorId": 2,
    "date": "May 20, 2021",
    "href": "/listing-experiences-detail",
    "listingCategoryId": 7,
    "title": "deploy integrated solutions",
    "featuredImage": "https://a0.muscache.com/im/pictures/lombard/MtTemplate-1435866-media_library/original/38d6b5ea-abcc-4876-acb4-e5b79586c37c.jpeg?im_w=1200",
    "galleryImgs": [
      "https://images.pexels.com/photos/3061217/pexels-photo-3061217.jpeg?auto=compress&cs=tinysrgb&dpr=2&h=750&w=1260",
      "https://images.pexels.com/photos/3061217/pexels-photo-3061217.jpeg?auto=compress&cs=tinysrgb&dpr=2&h=750&w=1260",
      "https://images.pexels.com/photos/3061217/pexels-photo-3061217.jpeg?auto=compress&cs=tinysrgb&dpr=2&h=750&w=1260",
      "https://images.pexels.com/photos/3061217/pexels-photo-3061217.jpeg?auto=compress&cs=tinysrgb&dpr=2&h=750&w=1260"
    ],
    "commentCount": 45,
    "viewCount": 488,
    "like": true,
    "address": "11204 Lawn Court",
    "reviewStart": 3.0,
    "reviewCount": 257,
    "price": "$47",
    "maxGuests": 9,
    "saleOff": null,
    "isAds": null,
    "map": { "lat": 55.2342034, "lng": 61.5409607 }
  },
  {
    "id": "478fb724-767f-4636-bffe-f9b5ba091cdd",
    "authorId": 9,
    "date": "May 20, 2021",
    "href": "/listing-experiences-detail",
    "listingCategoryId": 12,
    "title": "evolve virtual models",
    "featuredImage": "https://images.pexels.com/photos/1094794/pexels-photo-1094794.jpeg?auto=compress&cs=tinysrgb&dpr=2&h=750&w=1260",
    "galleryImgs": [
      "https://images.pexels.com/photos/1094794/pexels-photo-1094794.jpeg?auto=compress&cs=tinysrgb&dpr=2&h=750&w=1260",
      "https://images.pexels.com/photos/1094794/pexels-photo-1094794.jpeg?auto=compress&cs=tinysrgb&dpr=2&h=750&w=1260",
      "https://images.pexels.com/photos/1094794/pexels-photo-1094794.jpeg?auto=compress&cs=tinysrgb&dpr=2&h=750&w=1260",
      "https://images.pexels.com/photos/1094794/pexels-photo-1094794.jpeg?auto=compress&cs=tinysrgb&dpr=2&h=750&w=1260"
    ],
    "commentCount": 95,
    "viewCount": 247,
    "like": false,
    "address": "39 Del Sol Lane",
    "reviewStart": 4.4,
    "reviewCount": 132,
    "price": "$187",
    "maxGuests": 10,
    "saleOff": null,
    "isAds": null,
    "map": { "lat": 55.2288039, "lng": 61.6050232 }
  },
  {
    "id": "949c750b-1ee3-488f-a0a0-2e88bb6caede",
    "authorId": 6,
    "date": "May 20, 2021",
    "href": "/listing-experiences-detail",
    "listingCategoryId": 8,
    "title": "seize killer e-commerce",
    "featuredImage": "https://a0.muscache.com/im/pictures/lombard/MtTemplate-1435866-media_library/original/38d6b5ea-abcc-4876-acb4-e5b79586c37c.jpeg?im_w=1200",
    "galleryImgs": [
      "https://images.pexels.com/photos/1637451/pexels-photo-1637451.jpeg?auto=compress&cs=tinysrgb&dpr=3&h=750&w=1260",
      "https://images.pexels.com/photos/1637451/pexels-photo-1637451.jpeg?auto=compress&cs=tinysrgb&dpr=3&h=750&w=1260",
      "https://images.pexels.com/photos/1637451/pexels-photo-1637451.jpeg?auto=compress&cs=tinysrgb&dpr=3&h=750&w=1260",
      "https://images.pexels.com/photos/1637451/pexels-photo-1637451.jpeg?auto=compress&cs=tinysrgb&dpr=3&h=750&w=1260"
    ],
    "commentCount": 28,
    "viewCount": 675,
    "like": false,
    "address": "45539 Kensington Drive",
    "reviewStart": 4.6,
    "reviewCount": 275,
    "price": "$179",
    "maxGuests": 9,
    "saleOff": null,
    "isAds": null,
    "map": { "lat": 55.1952216, "lng": 61.6115793 }
  },
  {
    "id": "538aced4-d353-4303-b7b0-0ac41ede55ed",
    "authorId": 6,
    "date": "May 20, 2021",
    "href": "/listing-experiences-detail",
    "listingCategoryId": 15,
    "title": "generate proactive ROI",
    "featuredImage": "https://a0.muscache.com/im/pictures/lombard/MtTemplate-1435866-media_library/original/38d6b5ea-abcc-4876-acb4-e5b79586c37c.jpeg?im_w=1200",
    "galleryImgs": [
      "https://images.pexels.com/photos/2385654/pexels-photo-2385654.jpeg?auto=compress&cs=tinysrgb&dpr=2&h=650&w=940",
      "https://images.pexels.com/photos/2385654/pexels-photo-2385654.jpeg?auto=compress&cs=tinysrgb&dpr=2&h=650&w=940",
      "https://images.pexels.com/photos/2385654/pexels-photo-2385654.jpeg?auto=compress&cs=tinysrgb&dpr=2&h=650&w=940",
      "https://images.pexels.com/photos/2385654/pexels-photo-2385654.jpeg?auto=compress&cs=tinysrgb&dpr=2&h=650&w=940"
    ],
    "commentCount": 25,
    "viewCount": 770,
    "like": true,
    "address": "9 Jenifer Way",
    "reviewStart": 3.4,
    "reviewCount": 20,
    "price": "$275",
    "maxGuests": 10,
    "saleOff": null,
    "isAds": null,
    "map": { "lat": 55.2211607, "lng": 61.5065318 }
  },
  {
    "id": "620af526-6689-4704-9c91-60a524a74850",
    "authorId": 2,
    "date": "May 20, 2021",
    "href": "/listing-experiences-detail",
    "listingCategoryId": 17,
    "title": "aggregate out-of-the-box channels",
    "featuredImage": "https://a0.muscache.com/im/pictures/lombard/MtTemplate-1435866-media_library/original/38d6b5ea-abcc-4876-acb4-e5b79586c37c.jpeg?im_w=1200",
    "galleryImgs": [
      "https://images.pexels.com/photos/4253300/pexels-photo-4253300.jpeg?auto=compress&cs=tinysrgb&dpr=3&h=750&w=1260",
      "https://images.pexels.com/photos/4253300/pexels-photo-4253300.jpeg?auto=compress&cs=tinysrgb&dpr=3&h=750&w=1260",
      "https://images.pexels.com/photos/4253300/pexels-photo-4253300.jpeg?auto=compress&cs=tinysrgb&dpr=3&h=750&w=1260",
      "https://images.pexels.com/photos/4253300/pexels-photo-4253300.jpeg?auto=compress&cs=tinysrgb&dpr=3&h=750&w=1260"
    ],
    "commentCount": 42,
    "viewCount": 856,
    "like": true,
    "address": "5 Aberg Place",
    "reviewStart": 4.9,
    "reviewCount": 268,
    "price": "$270",
    "maxGuests": 9,
    "saleOff": null,
    "isAds": null,
    "map": { "lat": 55.2126851, "lng": 61.4912261 }
  },
  {
    "id": "cc6e4c0b-6cd8-4f02-a8bd-4ebeab7d87e2",
    "authorId": 8,
    "date": "May 20, 2021",
    "href": "/listing-experiences-detail",
    "listingCategoryId": 17,
    "title": "architect robust paradigms",
    "featuredImage": "https://a0.muscache.com/im/pictures/lombard/MtTemplate-1435866-media_library/original/38d6b5ea-abcc-4876-acb4-e5b79586c37c.jpeg?im_w=1200",
    "galleryImgs": [
      "https://images.pexels.com/photos/4262009/pexels-photo-4262009.jpeg?auto=compress&cs=tinysrgb&dpr=2&h=650&w=940",
      "https://images.pexels.com/photos/4262009/pexels-photo-4262009.jpeg?auto=compress&cs=tinysrgb&dpr=2&h=650&w=940",
      "https://images.pexels.com/photos/4262009/pexels-photo-4262009.jpeg?auto=compress&cs=tinysrgb&dpr=2&h=650&w=940",
      "https://images.pexels.com/photos/4262009/pexels-photo-4262009.jpeg?auto=compress&cs=tinysrgb&dpr=2&h=650&w=940",
      "https://images.pexels.com/photos/4262009/pexels-photo-4262009.jpeg?auto=compress&cs=tinysrgb&dpr=2&h=650&w=940"
    ],
    "commentCount": 17,
    "viewCount": 194,
    "like": true,
    "address": "9 Russell Pass",
    "reviewStart": 3.3,
    "reviewCount": 329,
    "price": "$394",
    "maxGuests": 10,
    "saleOff": null,
    "isAds": null,
    "map": { "lat": 55.185907, "lng": 61.4864299 }
  },
  {
    "id": "a2705151-6e96-4aa6-8c78-188d2ac404d4",
    "authorId": 3,
    "date": "May 20, 2021",
    "href": "/listing-experiences-detail",
    "listingCategoryId": 3,
    "title": "revolutionize cross-media methodologies",
    "featuredImage": "https://a0.muscache.com/im/pictures/lombard/MtTemplate-1435866-media_library/original/38d6b5ea-abcc-4876-acb4-e5b79586c37c.jpeg?im_w=1200",
    "galleryImgs": [
      "https://a0.muscache.com/im/pictures/lombard/MtTemplate-1435866-media_library/original/38d6b5ea-abcc-4876-acb4-e5b79586c37c.jpeg?im_w=1200",
      "https://a0.muscache.com/im/pictures/lombard/MtTemplate-1435866-media_library/original/38d6b5ea-abcc-4876-acb4-e5b79586c37c.jpeg?im_w=1200",
      "https://a0.muscache.com/im/pictures/lombard/MtTemplate-1435866-media_library/original/38d6b5ea-abcc-4876-acb4-e5b79586c37c.jpeg?im_w=1200",
      "https://a0.muscache.com/im/pictures/lombard/MtTemplate-1435866-media_library/original/38d6b5ea-abcc-4876-acb4-e5b79586c37c.jpeg?im_w=1200"
    ],
    "commentCount": 49,
    "viewCount": 736,
    "like": false,
    "address": "1 Surrey Parkway",
    "reviewStart": 5.0,
    "reviewCount": 109,
    "price": "$294",
    "maxGuests": 10,
    "saleOff": null,
    "isAds": null,
    "map": { "lat": 55.1735735, "lng": 61.4991107 }
  },
  {
    "id": "9ef60e20-18b4-495b-801b-9a4a4d0b2c83",
    "authorId": 3,
    "date": "May 20, 2021",
    "href": "/listing-experiences-detail",
    "listingCategoryId": 15,
    "title": "seize transparent markets",
    "featuredImage": "https://a0.muscache.com/im/pictures/lombard/MtTemplate-1435866-media_library/original/38d6b5ea-abcc-4876-acb4-e5b79586c37c.jpeg?im_w=1200",
    "galleryImgs": [
      "https://a0.muscache.com/im/pictures/lombard/MtTemplate-1435866-media_library/original/38d6b5ea-abcc-4876-acb4-e5b79586c37c.jpeg?im_w=1200",
      "https://a0.muscache.com/im/pictures/lombard/MtTemplate-1435866-media_library/original/38d6b5ea-abcc-4876-acb4-e5b79586c37c.jpeg?im_w=1200",
      "https://a0.muscache.com/im/pictures/lombard/MtTemplate-1435866-media_library/original/38d6b5ea-abcc-4876-acb4-e5b79586c37c.jpeg?im_w=1200",
      "https://a0.muscache.com/im/pictures/lombard/MtTemplate-1435866-media_library/original/38d6b5ea-abcc-4876-acb4-e5b79586c37c.jpeg?im_w=1200"
    ],
    "commentCount": 83,
    "viewCount": 94,
    "like": true,
    "address": "76248 Redwing Court",
    "reviewStart": 4.8,
    "reviewCount": 586,
    "price": "$379",
    "maxGuests": 6,
    "saleOff": null,
    "isAds": null,
    "map": { "lat": 59.955413, "lng": 30.337844 }
  },
  {
    "id": "c89c84a7-1079-4aed-ad34-f20cd5954b64",
    "authorId": 3,
    "date": "May 20, 2021",
    "href": "/listing-experiences-detail",
    "listingCategoryId": 4,
    "title": "deploy integrated vortals",
    "featuredImage": "https://a0.muscache.com/im/pictures/lombard/MtTemplate-1435866-media_library/original/38d6b5ea-abcc-4876-acb4-e5b79586c37c.jpeg?im_w=1200",
    "galleryImgs": [
      "https://a0.muscache.com/im/pictures/lombard/MtTemplate-1435866-media_library/original/38d6b5ea-abcc-4876-acb4-e5b79586c37c.jpeg?im_w=1200",
      "https://a0.muscache.com/im/pictures/lombard/MtTemplate-1435866-media_library/original/38d6b5ea-abcc-4876-acb4-e5b79586c37c.jpeg?im_w=1200",
      "https://a0.muscache.com/im/pictures/lombard/MtTemplate-1435866-media_library/original/38d6b5ea-abcc-4876-acb4-e5b79586c37c.jpeg?im_w=1200",
      "https://a0.muscache.com/im/pictures/lombard/MtTemplate-1435866-media_library/original/38d6b5ea-abcc-4876-acb4-e5b79586c37c.jpeg?im_w=1200"
    ],
    "commentCount": 88,
    "viewCount": 825,
    "like": true,
    "address": "11 Pierstorff Avenue",
    "reviewStart": 3.9,
    "reviewCount": 356,
    "price": "$367",
    "maxGuests": 9,
    "saleOff": null,
    "isAds": null,
    "map": { "lat": 59.955413, "lng": 30.337844 }
  },
  {
    "id": "4579578f-ef3c-40c0-b71f-827126bfacb7",
    "authorId": 7,
    "date": "May 20, 2021",
    "href": "/listing-experiences-detail",
    "listingCategoryId": 9,
    "title": "drive back-end deliverables",
    "featuredImage": "https://a0.muscache.com/im/pictures/lombard/MtTemplate-1435866-media_library/original/38d6b5ea-abcc-4876-acb4-e5b79586c37c.jpeg?im_w=1200",
    "galleryImgs": [
      "https://a0.muscache.com/im/pictures/lombard/MtTemplate-1435866-media_library/original/38d6b5ea-abcc-4876-acb4-e5b79586c37c.jpeg?im_w=1200",
      "https://a0.muscache.com/im/pictures/lombard/MtTemplate-1435866-media_library/original/38d6b5ea-abcc-4876-acb4-e5b79586c37c.jpeg?im_w=1200",
      "https://a0.muscache.com/im/pictures/lombard/MtTemplate-1435866-media_library/original/38d6b5ea-abcc-4876-acb4-e5b79586c37c.jpeg?im_w=1200",
      "https://a0.muscache.com/im/pictures/lombard/MtTemplate-1435866-media_library/original/38d6b5ea-abcc-4876-acb4-e5b79586c37c.jpeg?im_w=1200"
    ],
    "commentCount": 2,
    "viewCount": 246,
    "like": true,
    "address": "4 Shelley Plaza",
    "reviewStart": 3.7,
    "reviewCount": 370,
    "price": "$91",
    "maxGuests": 6,
    "saleOff": null,
    "isAds": null,
    "map": { "lat": 59.955413, "lng": 30.337844 }
  },
  {
    "id": "60fd359a-e684-47d7-80c6-9269d42e8682",
    "authorId": 1,
    "date": "May 20, 2021",
    "href": "/listing-experiences-detail",
    "listingCategoryId": 9,
    "title": "reintermediate visionary architectures",
    "featuredImage": "https://a0.muscache.com/im/pictures/lombard/MtTemplate-1435866-media_library/original/38d6b5ea-abcc-4876-acb4-e5b79586c37c.jpeg?im_w=1200",
    "galleryImgs": [
      "https://a0.muscache.com/im/pictures/lombard/MtTemplate-1435866-media_library/original/38d6b5ea-abcc-4876-acb4-e5b79586c37c.jpeg?im_w=1200",
      "https://a0.muscache.com/im/pictures/lombard/MtTemplate-1435866-media_library/original/38d6b5ea-abcc-4876-acb4-e5b79586c37c.jpeg?im_w=1200",
      "https://a0.muscache.com/im/pictures/lombard/MtTemplate-1435866-media_library/original/38d6b5ea-abcc-4876-acb4-e5b79586c37c.jpeg?im_w=1200",
      "https://a0.muscache.com/im/pictures/lombard/MtTemplate-1435866-media_library/original/38d6b5ea-abcc-4876-acb4-e5b79586c37c.jpeg?im_w=1200"
    ],
    "commentCount": 33,
    "viewCount": 541,
    "like": false,
    "address": "565 North Alley",
    "reviewStart": 3.6,
    "reviewCount": 585,
    "price": "$156",
    "maxGuests": 10,
    "saleOff": null,
    "isAds": null,
    "map": { "lat": 59.955413, "lng": 30.337844 }
  },
  {
    "id": "db1d83e0-2ea5-441f-b575-c145cff29b42",
    "authorId": 2,
    "date": "May 20, 2021",
    "href": "/listing-experiences-detail",
    "listingCategoryId": 6,
    "title": "generate dot-com systems",
    "featuredImage": "https://a0.muscache.com/im/pictures/lombard/MtTemplate-1435866-media_library/original/38d6b5ea-abcc-4876-acb4-e5b79586c37c.jpeg?im_w=1200",
    "galleryImgs": [
      "https://a0.muscache.com/im/pictures/lombard/MtTemplate-1435866-media_library/original/38d6b5ea-abcc-4876-acb4-e5b79586c37c.jpeg?im_w=1200",
      "https://a0.muscache.com/im/pictures/lombard/MtTemplate-1435866-media_library/original/38d6b5ea-abcc-4876-acb4-e5b79586c37c.jpeg?im_w=1200",
      "https://a0.muscache.com/im/pictures/lombard/MtTemplate-1435866-media_library/original/38d6b5ea-abcc-4876-acb4-e5b79586c37c.jpeg?im_w=1200",
      "https://a0.muscache.com/im/pictures/lombard/MtTemplate-1435866-media_library/original/38d6b5ea-abcc-4876-acb4-e5b79586c37c.jpeg?im_w=1200"
    ],
    "commentCount": 1,
    "viewCount": 449,
    "like": false,
    "address": "41 Kim Point",
    "reviewStart": 3.6,
    "reviewCount": 454,
    "price": "$186",
    "maxGuests": 5,
    "saleOff": null,
    "isAds": null,
    "map": { "lat": 59.955413, "lng": 30.337844 }
  },
  {
    "id": "0a3f36f2-ee1e-43ab-bd67-54452d0e4747",
    "authorId": 5,
    "date": "May 20, 2021",
    "href": "/listing-experiences-detail",
    "listingCategoryId": 7,
    "title": "integrate wireless e-markets",
    "featuredImage": "https://a0.muscache.com/im/pictures/lombard/MtTemplate-1435866-media_library/original/38d6b5ea-abcc-4876-acb4-e5b79586c37c.jpeg?im_w=1200",
    "galleryImgs": [
      "https://a0.muscache.com/im/pictures/lombard/MtTemplate-1435866-media_library/original/38d6b5ea-abcc-4876-acb4-e5b79586c37c.jpeg?im_w=1200",
      "https://a0.muscache.com/im/pictures/lombard/MtTemplate-1435866-media_library/original/38d6b5ea-abcc-4876-acb4-e5b79586c37c.jpeg?im_w=1200",
      "https://a0.muscache.com/im/pictures/lombard/MtTemplate-1435866-media_library/original/38d6b5ea-abcc-4876-acb4-e5b79586c37c.jpeg?im_w=1200",
      "https://a0.muscache.com/im/pictures/lombard/MtTemplate-1435866-media_library/original/38d6b5ea-abcc-4876-acb4-e5b79586c37c.jpeg?im_w=1200"
    ],
    "commentCount": 68,
    "viewCount": 117,
    "like": true,
    "address": "5 Schiller Circle",
    "reviewStart": 4.6,
    "reviewCount": 336,
    "price": "$218",
    "maxGuests": 10,
    "saleOff": null,
    "isAds": null,
    "map": { "lat": 59.955413, "lng": 30.337844 }
  },
  {
    "id": "f8898d3e-1867-437a-b662-1316318b6bd6",
    "authorId": 9,
    "date": "May 20, 2021",
    "href": "/listing-experiences-detail",
    "listingCategoryId": 13,
    "title": "expedite one-to-one e-business",
    "featuredImage": "https://a0.muscache.com/im/pictures/lombard/MtTemplate-1435866-media_library/original/38d6b5ea-abcc-4876-acb4-e5b79586c37c.jpeg?im_w=1200",
    "galleryImgs": [
      "https://a0.muscache.com/im/pictures/lombard/MtTemplate-1435866-media_library/original/38d6b5ea-abcc-4876-acb4-e5b79586c37c.jpeg?im_w=1200",
      "https://a0.muscache.com/im/pictures/lombard/MtTemplate-1435866-media_library/original/38d6b5ea-abcc-4876-acb4-e5b79586c37c.jpeg?im_w=1200",
      "https://a0.muscache.com/im/pictures/lombard/MtTemplate-1435866-media_library/original/38d6b5ea-abcc-4876-acb4-e5b79586c37c.jpeg?im_w=1200",
      "https://a0.muscache.com/im/pictures/lombard/MtTemplate-1435866-media_library/original/38d6b5ea-abcc-4876-acb4-e5b79586c37c.jpeg?im_w=1200"
    ],
    "commentCount": 95,
    "viewCount": 912,
    "like": false,
    "address": "1 Burrows Way",
    "reviewStart": 4.5,
    "reviewCount": 428,
    "price": "$370",
    "maxGuests": 8,
    "saleOff": null,
    "isAds": null,
    "map": { "lat": 59.955413, "lng": 30.337844 }
  },
  {
    "id": "ae26b8dd-b9d8-4957-b3fe-634b1ed8c9b3",
    "authorId": 2,
    "date": "May 20, 2021",
    "href": "/listing-experiences-detail",
    "listingCategoryId": 18,
    "title": "monetize B2B systems",
    "featuredImage": "https://a0.muscache.com/im/pictures/lombard/MtTemplate-1435866-media_library/original/38d6b5ea-abcc-4876-acb4-e5b79586c37c.jpeg?im_w=1200",
    "galleryImgs": [
      "https://a0.muscache.com/im/pictures/lombard/MtTemplate-1435866-media_library/original/38d6b5ea-abcc-4876-acb4-e5b79586c37c.jpeg?im_w=1200",
      "https://a0.muscache.com/im/pictures/lombard/MtTemplate-1435866-media_library/original/38d6b5ea-abcc-4876-acb4-e5b79586c37c.jpeg?im_w=1200",
      "https://a0.muscache.com/im/pictures/lombard/MtTemplate-1435866-media_library/original/38d6b5ea-abcc-4876-acb4-e5b79586c37c.jpeg?im_w=1200",
      "https://a0.muscache.com/im/pictures/lombard/MtTemplate-1435866-media_library/original/38d6b5ea-abcc-4876-acb4-e5b79586c37c.jpeg?im_w=1200"
    ],
    "commentCount": 87,
    "viewCount": 268,
    "like": true,
    "address": "0548 Weeping Birch Place",
    "reviewStart": 4.4,
    "reviewCount": 399,
    "price": "$249",
    "maxGuests": 10,
    "saleOff": null,
    "isAds": null,
    "map": { "lat": 59.955413, "lng": 30.337844 }
  },
  {
    "id": "467e1f5c-b189-41a8-94ed-d4afd0a04715",
    "authorId": 1,
    "date": "May 20, 2021",
    "href": "/listing-experiences-detail",
    "listingCategoryId": 19,
    "title": "deploy mission-critical action-items",
    "featuredImage": "https://a0.muscache.com/im/pictures/lombard/MtTemplate-1435866-media_library/original/38d6b5ea-abcc-4876-acb4-e5b79586c37c.jpeg?im_w=1200",
    "galleryImgs": [
      "https://a0.muscache.com/im/pictures/lombard/MtTemplate-1435866-media_library/original/38d6b5ea-abcc-4876-acb4-e5b79586c37c.jpeg?im_w=1200",
      "https://a0.muscache.com/im/pictures/lombard/MtTemplate-1435866-media_library/original/38d6b5ea-abcc-4876-acb4-e5b79586c37c.jpeg?im_w=1200",
      "https://a0.muscache.com/im/pictures/lombard/MtTemplate-1435866-media_library/original/38d6b5ea-abcc-4876-acb4-e5b79586c37c.jpeg?im_w=1200",
      "https://a0.muscache.com/im/pictures/lombard/MtTemplate-1435866-media_library/original/38d6b5ea-abcc-4876-acb4-e5b79586c37c.jpeg?im_w=1200"
    ],
    "commentCount": 17,
    "viewCount": 971,
    "like": false,
    "address": "3321 Nova Terrace",
    "reviewStart": 3.3,
    "reviewCount": 514,
    "price": "$132",
    "maxGuests": 7,
    "saleOff": null,
    "isAds": null,
    "map": { "lat": 59.955413, "lng": 30.337844 }
  },
  {
    "id": "579f2021-1686-44d5-9c50-b5bf0f1373fb",
    "authorId": 10,
    "date": "May 20, 2021",
    "href": "/listing-experiences-detail",
    "listingCategoryId": 8,
    "title": "streamline global deliverables",
    "featuredImage": "https://a0.muscache.com/im/pictures/lombard/MtTemplate-1435866-media_library/original/38d6b5ea-abcc-4876-acb4-e5b79586c37c.jpeg?im_w=1200",
    "galleryImgs": [
      "https://a0.muscache.com/im/pictures/lombard/MtTemplate-1435866-media_library/original/38d6b5ea-abcc-4876-acb4-e5b79586c37c.jpeg?im_w=1200",
      "https://a0.muscache.com/im/pictures/lombard/MtTemplate-1435866-media_library/original/38d6b5ea-abcc-4876-acb4-e5b79586c37c.jpeg?im_w=1200",
      "https://a0.muscache.com/im/pictures/lombard/MtTemplate-1435866-media_library/original/38d6b5ea-abcc-4876-acb4-e5b79586c37c.jpeg?im_w=1200",
      "https://a0.muscache.com/im/pictures/lombard/MtTemplate-1435866-media_library/original/38d6b5ea-abcc-4876-acb4-e5b79586c37c.jpeg?im_w=1200"
    ],
    "commentCount": 92,
    "viewCount": 182,
    "like": false,
    "address": "461 Kipling Lane",
    "reviewStart": 4.7,
    "reviewCount": 237,
    "price": "$132",
    "maxGuests": 10,
    "saleOff": null,
    "isAds": null,
    "map": { "lat": 59.955413, "lng": 30.337844 }
  },
  {
    "id": "4d5ea869-a913-4964-ab9c-a5e9dcf99b27",
    "authorId": 5,
    "date": "May 20, 2021",
    "href": "/listing-experiences-detail",
    "listingCategoryId": 15,
    "title": "incubate ubiquitous platforms",
    "featuredImage": "https://a0.muscache.com/im/pictures/lombard/MtTemplate-1435866-media_library/original/38d6b5ea-abcc-4876-acb4-e5b79586c37c.jpeg?im_w=1200",
    "galleryImgs": [
      "https://a0.muscache.com/im/pictures/lombard/MtTemplate-1435866-media_library/original/38d6b5ea-abcc-4876-acb4-e5b79586c37c.jpeg?im_w=1200",
      "https://a0.muscache.com/im/pictures/lombard/MtTemplate-1435866-media_library/original/38d6b5ea-abcc-4876-acb4-e5b79586c37c.jpeg?im_w=1200",
      "https://a0.muscache.com/im/pictures/lombard/MtTemplate-1435866-media_library/original/38d6b5ea-abcc-4876-acb4-e5b79586c37c.jpeg?im_w=1200"
    ],
    "commentCount": 50,
    "viewCount": 913,
    "like": false,
    "address": "1 Stoughton Parkway",
    "reviewStart": 4.3,
    "reviewCount": 484,
    "price": "$131",
    "maxGuests": 6,
    "saleOff": null,
    "isAds": null,
    "map": { "lat": 59.955413, "lng": 30.337844 }
  },
  {
    "id": "aecc326d-acba-4f40-bb66-cbee111ba3b0",
    "authorId": 3,
    "date": "May 20, 2021",
    "href": "/listing-experiences-detail",
    "listingCategoryId": 17,
    "title": "visualize world-class vortals",
    "featuredImage": "https://a0.muscache.com/im/pictures/lombard/MtTemplate-1435866-media_library/original/38d6b5ea-abcc-4876-acb4-e5b79586c37c.jpeg?im_w=1200",
    "galleryImgs": [
      "https://a0.muscache.com/im/pictures/lombard/MtTemplate-1435866-media_library/original/38d6b5ea-abcc-4876-acb4-e5b79586c37c.jpeg?im_w=1200",
      "https://a0.muscache.com/im/pictures/lombard/MtTemplate-1435866-media_library/original/38d6b5ea-abcc-4876-acb4-e5b79586c37c.jpeg?im_w=1200",
      "https://a0.muscache.com/im/pictures/lombard/MtTemplate-1435866-media_library/original/38d6b5ea-abcc-4876-acb4-e5b79586c37c.jpeg?im_w=1200",
      "https://a0.muscache.com/im/pictures/lombard/MtTemplate-1435866-media_library/original/38d6b5ea-abcc-4876-acb4-e5b79586c37c.jpeg?im_w=1200"
    ],
    "commentCount": 76,
    "viewCount": 237,
    "like": false,
    "address": "4 Melvin Park",
    "reviewStart": 3.3,
    "reviewCount": 42,
    "price": "$305",
    "maxGuests": 5,
    "saleOff": null,
    "isAds": null,
    "map": { "lat": 59.955413, "lng": 30.337844 }
  },
  {
    "id": "eac8429c-15b4-4dfc-aaec-ea566f1ad4e2",
    "authorId": 8,
    "date": "May 20, 2021",
    "href": "/listing-experiences-detail",
    "listingCategoryId": 5,
    "title": "incubate impactful deliverables",
    "featuredImage": "https://a0.muscache.com/im/pictures/lombard/MtTemplate-1435866-media_library/original/38d6b5ea-abcc-4876-acb4-e5b79586c37c.jpeg?im_w=1200",
    "galleryImgs": [
      "https://a0.muscache.com/im/pictures/lombard/MtTemplate-1435866-media_library/original/38d6b5ea-abcc-4876-acb4-e5b79586c37c.jpeg?im_w=1200",
      "https://a0.muscache.com/im/pictures/lombard/MtTemplate-1435866-media_library/original/38d6b5ea-abcc-4876-acb4-e5b79586c37c.jpeg?im_w=1200",
      "https://a0.muscache.com/im/pictures/lombard/MtTemplate-1435866-media_library/original/38d6b5ea-abcc-4876-acb4-e5b79586c37c.jpeg?im_w=1200",
      "https://a0.muscache.com/im/pictures/lombard/MtTemplate-1435866-media_library/original/38d6b5ea-abcc-4876-acb4-e5b79586c37c.jpeg?im_w=1200"
    ],
    "commentCount": 30,
    "viewCount": 558,
    "like": false,
    "address": "1087 Main Junction",
    "reviewStart": 3.4,
    "reviewCount": 363,
    "price": "$290",
    "maxGuests": 10,
    "saleOff": null,
    "isAds": null,
    "map": { "lat": 59.955413, "lng": 30.337844 }
  },
  {
    "id": "c06f992e-2250-43b6-877f-70b01de106bb",
    "authorId": 6,
    "date": "May 20, 2021",
    "href": "/listing-experiences-detail",
    "listingCategoryId": 19,
    "title": "exploit vertical supply-chains",
    "featuredImage": "https://a0.muscache.com/im/pictures/lombard/MtTemplate-1435866-media_library/original/38d6b5ea-abcc-4876-acb4-e5b79586c37c.jpeg?im_w=1200",
    "galleryImgs": [
      "https://a0.muscache.com/im/pictures/lombard/MtTemplate-1435866-media_library/original/38d6b5ea-abcc-4876-acb4-e5b79586c37c.jpeg?im_w=1200",
      "https://a0.muscache.com/im/pictures/lombard/MtTemplate-1435866-media_library/original/38d6b5ea-abcc-4876-acb4-e5b79586c37c.jpeg?im_w=1200",
      "https://a0.muscache.com/im/pictures/lombard/MtTemplate-1435866-media_library/original/38d6b5ea-abcc-4876-acb4-e5b79586c37c.jpeg?im_w=1200",
      "https://a0.muscache.com/im/pictures/lombard/MtTemplate-1435866-media_library/original/38d6b5ea-abcc-4876-acb4-e5b79586c37c.jpeg?im_w=1200"
    ],
    "commentCount": 20,
    "viewCount": 303,
    "like": false,
    "address": "8 Pawling Terrace",
    "reviewStart": 4.1,
    "reviewCount": 357,
    "price": "$275",
    "maxGuests": 5,
    "saleOff": null,
    "isAds": null,
    "map": { "lat": 59.955413, "lng": 30.337844 }
  },
  {
    "id": "d1c0c201-b540-49bd-bee2-4efc53a0b65b",
    "authorId": 5,
    "date": "May 20, 2021",
    "href": "/listing-experiences-detail",
    "listingCategoryId": 7,
    "title": "target holistic e-services",
    "featuredImage": "https://a0.muscache.com/im/pictures/lombard/MtTemplate-1435866-media_library/original/38d6b5ea-abcc-4876-acb4-e5b79586c37c.jpeg?im_w=1200",
    "galleryImgs": [
      "https://a0.muscache.com/im/pictures/lombard/MtTemplate-1435866-media_library/original/38d6b5ea-abcc-4876-acb4-e5b79586c37c.jpeg?im_w=1200",
      "https://a0.muscache.com/im/pictures/lombard/MtTemplate-1435866-media_library/original/38d6b5ea-abcc-4876-acb4-e5b79586c37c.jpeg?im_w=1200",
      "https://a0.muscache.com/im/pictures/lombard/MtTemplate-1435866-media_library/original/38d6b5ea-abcc-4876-acb4-e5b79586c37c.jpeg?im_w=1200",
      "https://a0.muscache.com/im/pictures/lombard/MtTemplate-1435866-media_library/original/38d6b5ea-abcc-4876-acb4-e5b79586c37c.jpeg?im_w=1200"
    ],
    "commentCount": 82,
    "viewCount": 890,
    "like": true,
    "address": "5041 New Castle Alley",
    "reviewStart": 3.8,
    "reviewCount": 231,
    "price": "$216",
    "maxGuests": 7,
    "saleOff": null,
    "isAds": null,
    "map": { "lat": 59.955413, "lng": 30.337844 }
  },
  {
    "id": "6730b8e6-37db-47f3-90b4-3570ff9703ba",
    "authorId": 3,
    "date": "May 20, 2021",
    "href": "/listing-experiences-detail",
    "listingCategoryId": 13,
    "title": "redefine granular applications",
    "featuredImage": "https://a0.muscache.com/im/pictures/lombard/MtTemplate-1435866-media_library/original/38d6b5ea-abcc-4876-acb4-e5b79586c37c.jpeg?im_w=1200",
    "galleryImgs": [
      "https://a0.muscache.com/im/pictures/lombard/MtTemplate-1435866-media_library/original/38d6b5ea-abcc-4876-acb4-e5b79586c37c.jpeg?im_w=1200",
      "",
      "",
      ""
    ],
    "commentCount": 37,
    "viewCount": 271,
    "like": true,
    "address": "49 Jenifer Park",
    "reviewStart": 4.1,
    "reviewCount": 302,
    "price": "$357",
    "maxGuests": 7,
    "saleOff": null,
    "isAds": null,
    "map": { "lat": 59.955413, "lng": 30.337844 }
  },
  {
    "id": "8d5eded7-ab51-46d2-b558-8e29f0512e18",
    "authorId": 7,
    "date": "May 20, 2021",
    "href": "/listing-experiences-detail",
    "listingCategoryId": 19,
    "title": "optimize synergistic relationships",
    "featuredImage": "https://a0.muscache.com/im/pictures/lombard/MtTemplate-1435866-media_library/original/38d6b5ea-abcc-4876-acb4-e5b79586c37c.jpeg?im_w=1200",
    "galleryImgs": [
      "https://a0.muscache.com/im/pictures/lombard/MtTemplate-1435866-media_library/original/38d6b5ea-abcc-4876-acb4-e5b79586c37c.jpeg?im_w=1200",
      "",
      "",
      ""
    ],
    "commentCount": 39,
    "viewCount": 602,
    "like": true,
    "address": "941 Raven Alley",
    "reviewStart": 4.5,
    "reviewCount": 231,
    "price": "$185.37",
    "maxGuests": 6,
    "saleOff": null,
    "isAds": null,
    "map": { "lat": 59.955413, "lng": 30.337844 }
  },
  {
    "id": "1654bff3-f53e-4a56-8930-91d9467c2a0b",
    "authorId": 9,
    "date": "May 20, 2021",
    "href": "/listing-experiences-detail",
    "listingCategoryId": 13,
    "title": "innovate innovative web-readiness",
    "featuredImage": "https://a0.muscache.com/im/pictures/lombard/MtTemplate-1435866-media_library/original/38d6b5ea-abcc-4876-acb4-e5b79586c37c.jpeg?im_w=1200",
    "galleryImgs": [
      "https://a0.muscache.com/im/pictures/lombard/MtTemplate-1435866-media_library/original/38d6b5ea-abcc-4876-acb4-e5b79586c37c.jpeg?im_w=1200",
      "",
      "",
      ""
    ],
    "commentCount": 89,
    "viewCount": 380,
    "like": false,
    "address": "78143 Burning Wood Road",
    "reviewStart": 4.5,
    "reviewCount": 514,
    "price": "$47.95",
    "maxGuests": 10,
    "saleOff": null,
    "isAds": null,
    "map": { "lat": 59.955413, "lng": 30.337844 }
  },
  {
    "id": "f7930d20-bfa0-4ab7-8608-1dbc61bb0aa9",
    "authorId": 5,
    "date": "May 20, 2021",
    "href": "/listing-experiences-detail",
    "listingCategoryId": 18,
    "title": "engage bricks-and-clicks deliverables",
    "featuredImage": "https://a0.muscache.com/im/pictures/lombard/MtTemplate-1435866-media_library/original/38d6b5ea-abcc-4876-acb4-e5b79586c37c.jpeg?im_w=1200",
    "galleryImgs": [
      "https://a0.muscache.com/im/pictures/lombard/MtTemplate-1435866-media_library/original/38d6b5ea-abcc-4876-acb4-e5b79586c37c.jpeg?im_w=1200",
      "",
      "",
      ""
    ],
    "commentCount": 23,
    "viewCount": 850,
    "like": true,
    "address": "13483 Redwing Street",
    "reviewStart": 3.1,
    "reviewCount": 307,
    "price": "$385.88",
    "maxGuests": 9,
    "saleOff": null,
    "isAds": null,
    "map": { "lat": 59.955413, "lng": 30.337844 }
  },
  {
    "id": "c6d3e928-dccb-4c62-bd14-10e5634800f7",
    "authorId": 10,
    "date": "May 20, 2021",
    "href": "/listing-experiences-detail",
    "listingCategoryId": 1,
    "title": "strategize synergistic relationships",
    "featuredImage": "https://a0.muscache.com/im/pictures/lombard/MtTemplate-1435866-media_library/original/38d6b5ea-abcc-4876-acb4-e5b79586c37c.jpeg?im_w=1200",
    "galleryImgs": [
      "https://a0.muscache.com/im/pictures/lombard/MtTemplate-1435866-media_library/original/38d6b5ea-abcc-4876-acb4-e5b79586c37c.jpeg?im_w=1200",
      "",
      "",
      ""
    ],
    "commentCount": 66,
    "viewCount": 14,
    "like": true,
    "address": "8 Birchwood Street",
    "reviewStart": 4.2,
    "reviewCount": 224,
    "price": "$34.97",
    "maxGuests": 6,
    "saleOff": null,
    "isAds": null,
    "map": { "lat": 59.955413, "lng": 30.337844 }
  },
  {
    "id": "7b1c1398-2cd3-4450-923b-03059b7a4de0",
    "authorId": 2,
    "date": "May 20, 2021",
    "href": "/listing-experiences-detail",
    "listingCategoryId": 11,
    "title": "mesh out-of-the-box eyeballs",
    "featuredImage": "https://a0.muscache.com/im/pictures/lombard/MtTemplate-1435866-media_library/original/38d6b5ea-abcc-4876-acb4-e5b79586c37c.jpeg?im_w=1200",
    "galleryImgs": [
      "https://a0.muscache.com/im/pictures/lombard/MtTemplate-1435866-media_library/original/38d6b5ea-abcc-4876-acb4-e5b79586c37c.jpeg?im_w=1200",
      "",
      "",
      ""
    ],
    "commentCount": 83,
    "viewCount": 2,
    "like": true,
    "address": "0861 Reindahl Circle",
    "reviewStart": 3.9,
    "reviewCount": 54,
    "price": "$359.43",
    "maxGuests": 9,
    "saleOff": null,
    "isAds": null,
    "map": { "lat": 59.955413, "lng": 30.337844 }
  },
  {
    "id": "80dd2b30-c09a-4504-8f40-831120e92ea3",
    "authorId": 6,
    "date": "May 20, 2021",
    "href": "/listing-experiences-detail",
    "listingCategoryId": 4,
    "title": "generate world-class portals",
    "featuredImage": "https://a0.muscache.com/im/pictures/lombard/MtTemplate-1435866-media_library/original/38d6b5ea-abcc-4876-acb4-e5b79586c37c.jpeg?im_w=1200",
    "galleryImgs": [
      "https://a0.muscache.com/im/pictures/lombard/MtTemplate-1435866-media_library/original/38d6b5ea-abcc-4876-acb4-e5b79586c37c.jpeg?im_w=1200",
      "",
      "",
      ""
    ],
    "commentCount": 5,
    "viewCount": 898,
    "like": false,
    "address": "27966 Memorial Hill",
    "reviewStart": 4.0,
    "reviewCount": 297,
    "price": "$138.87",
    "maxGuests": 10,
    "saleOff": null,
    "isAds": null,
    "map": { "lat": 59.955413, "lng": 30.337844 }
  },
  {
    "id": "b3a252c6-f542-4547-b496-fe65bdc2165c",
    "authorId": 5,
    "date": "May 20, 2021",
    "href": "/listing-experiences-detail",
    "listingCategoryId": 18,
    "title": "facilitate B2C e-markets",
    "featuredImage": "https://a0.muscache.com/im/pictures/lombard/MtTemplate-1435866-media_library/original/38d6b5ea-abcc-4876-acb4-e5b79586c37c.jpeg?im_w=1200",
    "galleryImgs": [
      "https://a0.muscache.com/im/pictures/lombard/MtTemplate-1435866-media_library/original/38d6b5ea-abcc-4876-acb4-e5b79586c37c.jpeg?im_w=1200",
      "",
      "",
      ""
    ],
    "commentCount": 96,
    "viewCount": 778,
    "like": true,
    "address": "14 Truax Alley",
    "reviewStart": 4.8,
    "reviewCount": 578,
    "price": "$136.29",
    "maxGuests": 7,
    "saleOff": null,
    "isAds": null,
    "map": { "lat": 59.955413, "lng": 30.337844 }
  },
  {
    "id": "1f88caa2-7af7-40c4-8868-bdd2d41d7fc2",
    "authorId": 4,
    "date": "May 20, 2021",
    "href": "/listing-experiences-detail",
    "listingCategoryId": 4,
    "title": "mesh innovative vortals",
    "featuredImage": "https://a0.muscache.com/im/pictures/lombard/MtTemplate-1435866-media_library/original/38d6b5ea-abcc-4876-acb4-e5b79586c37c.jpeg?im_w=1200",
    "galleryImgs": [
      "https://a0.muscache.com/im/pictures/lombard/MtTemplate-1435866-media_library/original/38d6b5ea-abcc-4876-acb4-e5b79586c37c.jpeg?im_w=1200",
      "",
      "",
      ""
    ],
    "commentCount": 25,
    "viewCount": 985,
    "like": true,
    "address": "0072 Gerald Junction",
    "reviewStart": 3.8,
    "reviewCount": 432,
    "price": "$240.59",
    "maxGuests": 9,
    "saleOff": null,
    "isAds": null,
    "map": { "lat": 59.955413, "lng": 30.337844 }
  },
  {
    "id": "2642a924-540d-4a29-973e-ca0b1f6ade37",
    "authorId": 10,
    "date": "May 20, 2021",
    "href": "/listing-experiences-detail",
    "listingCategoryId": 5,
    "title": "visualize 24/365 web-readiness",
    "featuredImage": "https://a0.muscache.com/im/pictures/lombard/MtTemplate-1435866-media_library/original/38d6b5ea-abcc-4876-acb4-e5b79586c37c.jpeg?im_w=1200",
    "galleryImgs": [
      "https://a0.muscache.com/im/pictures/lombard/MtTemplate-1435866-media_library/original/38d6b5ea-abcc-4876-acb4-e5b79586c37c.jpeg?im_w=1200",
      "",
      "",
      ""
    ],
    "commentCount": 6,
    "viewCount": 710,
    "like": false,
    "address": "28 Ridgeview Court",
    "reviewStart": 3.0,
    "reviewCount": 449,
    "price": "$350.02",
    "maxGuests": 7,
    "saleOff": null,
    "isAds": null,
    "map": { "lat": 59.955413, "lng": 30.337844 }
  },
  {
    "id": "57f0ce86-65bd-48c5-b0fc-59c6e16cf96c",
    "authorId": 4,
    "date": "May 20, 2021",
    "href": "/listing-experiences-detail",
    "listingCategoryId": 20,
    "title": "revolutionize B2B e-commerce",
    "featuredImage": "https://a0.muscache.com/im/pictures/lombard/MtTemplate-1435866-media_library/original/38d6b5ea-abcc-4876-acb4-e5b79586c37c.jpeg?im_w=1200",
    "galleryImgs": [
      "https://a0.muscache.com/im/pictures/lombard/MtTemplate-1435866-media_library/original/38d6b5ea-abcc-4876-acb4-e5b79586c37c.jpeg?im_w=1200",
      "",
      "",
      ""
    ],
    "commentCount": 16,
    "viewCount": 102,
    "like": false,
    "address": "4721 Westridge Terrace",
    "reviewStart": 4.1,
    "reviewCount": 512,
    "price": "$49.86",
    "maxGuests": 5,
    "saleOff": null,
    "isAds": null,
    "map": { "lat": 59.955413, "lng": 30.337844 }
  },
  {
    "id": "3882e1dd-4a11-4923-8c0a-2ed1e6f95890",
    "authorId": 3,
    "date": "May 20, 2021",
    "href": "/listing-experiences-detail",
    "listingCategoryId": 18,
    "title": "extend wireless systems",
    "featuredImage": "https://a0.muscache.com/im/pictures/lombard/MtTemplate-1435866-media_library/original/38d6b5ea-abcc-4876-acb4-e5b79586c37c.jpeg?im_w=1200",
    "galleryImgs": [
      "https://a0.muscache.com/im/pictures/lombard/MtTemplate-1435866-media_library/original/38d6b5ea-abcc-4876-acb4-e5b79586c37c.jpeg?im_w=1200",
      "",
      "",
      ""
    ],
    "commentCount": 93,
    "viewCount": 691,
    "like": true,
    "address": "74003 Killdeer Terrace",
    "reviewStart": 4.2,
    "reviewCount": 550,
    "price": "$398.69",
    "maxGuests": 6,
    "saleOff": null,
    "isAds": null,
    "map": { "lat": 59.955413, "lng": 30.337844 }
  },
  {
    "id": "476976e5-28fe-4bd8-b48d-6c9fd72b37e7",
    "authorId": 8,
    "date": "May 20, 2021",
    "href": "/listing-experiences-detail",
    "listingCategoryId": 14,
    "title": "extend customized channels",
    "featuredImage": "https://a0.muscache.com/im/pictures/lombard/MtTemplate-1435866-media_library/original/38d6b5ea-abcc-4876-acb4-e5b79586c37c.jpeg?im_w=1200",
    "galleryImgs": [
      "https://a0.muscache.com/im/pictures/lombard/MtTemplate-1435866-media_library/original/38d6b5ea-abcc-4876-acb4-e5b79586c37c.jpeg?im_w=1200",
      "",
      "",
      ""
    ],
    "commentCount": 16,
    "viewCount": 612,
    "like": true,
    "address": "3370 Rusk Court",
    "reviewStart": 4.7,
    "reviewCount": 394,
    "price": "$327.74",
    "maxGuests": 6,
    "saleOff": null,
    "isAds": null,
    "map": { "lat": 59.955413, "lng": 30.337844 }
  },
  {
    "id": "b7d8338d-8c5c-4e8e-b8e2-2ae08428eff1",
    "authorId": 9,
    "date": "May 20, 2021",
    "href": "/listing-experiences-detail",
    "listingCategoryId": 1,
    "title": "synergize open-source eyeballs",
    "featuredImage": "https://a0.muscache.com/im/pictures/lombard/MtTemplate-1435866-media_library/original/38d6b5ea-abcc-4876-acb4-e5b79586c37c.jpeg?im_w=1200",
    "galleryImgs": [
      "https://a0.muscache.com/im/pictures/lombard/MtTemplate-1435866-media_library/original/38d6b5ea-abcc-4876-acb4-e5b79586c37c.jpeg?im_w=1200",
      "",
      "",
      ""
    ],
    "commentCount": 80,
    "viewCount": 550,
    "like": true,
    "address": "5 Morrow Drive",
    "reviewStart": 4.0,
    "reviewCount": 429,
    "price": "$380.37",
    "maxGuests": 10,
    "saleOff": null,
    "isAds": null,
    "map": { "lat": 59.955413, "lng": 30.337844 }
  },
  {
    "id": "70f56758-a9d6-4c33-8c8c-2e53609162b7",
    "authorId": 7,
    "date": "May 20, 2021",
    "href": "/listing-experiences-detail",
    "listingCategoryId": 8,
    "title": "maximize dynamic channels",
    "featuredImage": "https://a0.muscache.com/im/pictures/lombard/MtTemplate-1435866-media_library/original/38d6b5ea-abcc-4876-acb4-e5b79586c37c.jpeg?im_w=1200",
    "galleryImgs": [
      "https://a0.muscache.com/im/pictures/lombard/MtTemplate-1435866-media_library/original/38d6b5ea-abcc-4876-acb4-e5b79586c37c.jpeg?im_w=1200",
      "",
      "",
      ""
    ],
    "commentCount": 80,
    "viewCount": 55,
    "like": true,
    "address": "24 Fulton Crossing",
    "reviewStart": 4.3,
    "reviewCount": 517,
    "price": "$32.35",
    "maxGuests": 6,
    "saleOff": null,
    "isAds": null,
    "map": { "lat": 59.955413, "lng": 30.337844 }
  }
]
