INSERT INTO `t_member` (`email`,`pw`,`nickName`,`memberTel`,`memberGrade`)
VALUES
  ("tellus@yahoo.edu","FKK11URU7TC","Calista Hicks","010-1632-1860",0),
  ("adipiscing.ligula@hotmail.ca","OKI10BEW8RH","Cullen Burgess","010-3817-0821",0),
  ("nulla@protonmail.org","MGU19LEN0VV","Amir Bruce","010-0803-8283",0),
  ("vulputate.nisi.sem@protonmail.org","WMG71CFL2UX","Barrett Bell","010-0273-7816",0),
  ("sit.amet@icloud.edu","RMX21VOO3CF","Clarke Reed","010-6225-7775",2),
  ("tortor.at@protonmail.org","UDM85WPP0XR","Dillon Matthews","010-7267-4426",0),
  ("aliquet@icloud.org","XKZ17TOA2XM","Zeph Mathis","010-3697-1150",1),
  ("phasellus.nulla@outlook.edu","LVE36SWO4NO","Selma Hurley","010-1374-8881",1),
  ("suscipit.nonummy@aol.com","BFE83ENQ5WL","Desiree Holden","010-5020-5202",0),
  ("a.ultricies.adipiscing@google.couk","MCJ71TSK4QI","Audra Davis","010-1536-2403",0);

  INSERT INTO `T_COUPON` (`couponName`,`discountPrice`,`couponStartDate`,`couponEndDate`,`useTerms`)
VALUES
  ("가입환영 10000원 할인 쿠폰", 10000,"2022-09-20","2022-12-20 23:59:59", 100000),
  ("여름휴가 5000원 할인 쿠폰", 5000,"2022-07-20","2022-11-20 23:59:59", 50000),
  ("미리예약 20000원 쿠폰", 20000,"2022-09-02","2022-12-25 23:59:59", 100000),
  ("얼리버드 15000원 쿠폰", 15000,"2022-09-05","2022-12-20 23:59:59", 80000),
  ("겨울나기 30000원 쿠폰", 30000,"2022-09-20","2022-11-25 23:59:59", 120000),
  ("너와나 쿠폰", 30000,"2022-10-22","2022-11-30 23:59:59", 100000),
  ("X4 시즌패스 쿠폰", 10000,"2022-09-11","2022-11-04 23:59:59", 40000),
  ("10,11월 한정 쿠폰", 40000,"2022-10-01","2022-11-30 23:59:59", 200000),
  ("천고마비의 계절 쿠폰", 30000,"2022-09-21","2022-11-19 23:59:59", 150000),
  ("숙박대전 쿠폰", 30000,"2022-09-22","2022-10-28 23:59:59", 100000);

  INSERT INTO `T_MEMBER_VIEW_COUPON` (`memberNum`, `couponNum`)
VALUES
(1,	3),
(1,	4),
(1,	5),
(2,	1),
(2,	2),
(3,	1),
(3,	5),
(4,	6),
(4,	7),
(5,	8),
(6,	9),
(7, 10),
(7,	7),
(8,	1),
(8,	7),
(9,	9),
(10,	1),
(10,	8);

INSERT INTO `T_REGION` (`regionName`,`regionParentNum`)
VALUES
  ("서울",0),
  ("경기",0),
  ("인천",0),
  ("강원",0),
  ("제주",0),
  ("대전",0),
  ("충북",0),
  ("충남/세종",0),
  ("부산",0),
  ("울산",0),
  ("경남",0),
  ("대구",0),
  ("경북",0),
  ("광주",0),
  ("전남",0),
  ("전주/전북",0);


INSERT INTO `t_accom_category` (`accomCategoryName`)
VALUES
  ("호텔"),
  ("모텔"),
  ("펜션/풀빌라"),
  ("게하/한옥");


INSERT INTO `T_ACCOMMODATION` (`accomName`,`accomTel`,`accomCategoryNum`,`regionNum`,`accomAddress`,`accomRating`,`accomWishListCount`,`totalreviewNum`,`latitude`,`longitude`,`lowPrice`,`reserveRange`)
VALUES
  ("대구 팔공산 스타탄생 드라이브인","050350508086",2,12,"대구광역시 동구 파계로138길 36",4.4,116,1163,0,0,20000,60),
("역삼 컬리넌","050350524475",2,1,"서울 강남구 언주로87길 11 (역삼동)",4.4,307,3074,37.5015,127.0421,30000,60),
("인천(검단) 3S BOTIQUE HOTEL","050350525953",2,3,"인천광역시 서구 원당대로 874",4.7,115,1150,37.5925,126.6709,25000,60),
("포항 영일대 HOTEL LILY(릴리)","050350507719",2,13,"경상북도 포항시 북구x 해안로 57-2",4.7,82,824,36.0543,129.3767,35000,60),
("인천(석남동) 뱅크","050350526460",2,3,"인천광역시 서구 염곡로 250",4.7,30,302,37.507,126.6685,15000,60),
("글래드 마포","0221975000",1,1,"서울특별시 마포구 마포대로 92",4.8,660,6608,37.507, 126.6685,80000,60),
("제주 탑아일랜드 호텔","0647551333",1,5,"제주특별자치도 제주시 용남1길 47",4.7,20,200,33.5052, 126.5129,10000,60),
("선릉 호텔 스타","050350518700",1,1,"서울특별시 강남구 선릉로92길 8",4.2,448,4480,37.5054, 127.0494,25000,60),
("호텔 라트리 의정부","0318435100",1,2,"경기도 의정부시 청사로6번길 19-13 (신곡동)",3.6,3,33,37.75, 127.072,90000,60),
("탑스텐 빌라드애월","0647209000",1,5,"제주특별자치도 제주시 애월읍 애월해안로 516-7",4.6,14,144,33.4774, 126.3593,85000,60),
("대부도(선재도) 갤러리스파펜션(목섬 앞)","050350572152",3,3,"인천 옹진군 영흥면 선재로 38-47",4.5,95,959,37.2338, 126.5339,89000,60),
("보령(대천) 도로시펜션","050350588477",3,8,"충청남도 보령시 고잠2길 8-22",4.8,14,140,37.2338, 126.5339,60000,60),
("제주 귤하우스","050350528116",3,5,"제주특별자치도 서귀포시 남원읍 남한로 79-11",0.1,0,1,33.2857, 126.7136,55300,60),
("제주 동백바다","050350528071",3,5,"제주특별자치도 서귀포시 남원읍 태위로360번길 46",0.1,0,1,33.2726, 126.6841,90000,60),
("포항 씨엔스톤펜션","050350579434",3,13,"경상북도 포항시 북구 청하면 해안로1918번길34-1",4.6,29,298,36.1759, 129.3947,59400,60),
("보령(대천) 너울펜션","050350577805",3,8,"충청남도 보령시 해수욕장13길 10-20",4.4,110,1103,36.3196, 126.5092,45000,60),
("서울 아폴로 게스트하우스","050350521568",4,1,"서울특별시 영등포구 영등포로19길 7-1",4.2,12,127,37.5228, 126.8927,20000,60),
("노마드인제주 게스트하우스","050350520907",4,5,"제주특별자치도 제주시 용마로4길 5",4.8,15,152,33.516, 126.5059,25000,60),
("서울숲 스테이","050350521343",4,1,"서울특별시 성동구 왕십리로 108-1",4.5,16,163,37.5475, 127.0448,15000,60),
("제주 토다 게스트하우스","050350527102",4,5,"제주특별자치도 제주시 동문로 10",4.8,3,38,33.5128, 126.5278,19000,60);


INSERT INTO `T_ROOM` (`accomNum`,`roomName`,`defaultGuest`,`maxGuest`,`price`,`restStartTime`,`restEndTime`,`roomInfo`)
VALUES
(1,"1실 1주차 A ",2,2,30000,"22:00","12:00","2인 /최대 2인,퀸 침대,금연객실"),
(1,"1실 1주차 B ",2,2,30000,"22:00","12:00","2인 /최대 2인,퀸 침대,금연객실"),
(1,"파티룸 B  2인실 ",2,2,60000,"17:00","12:00","2인 /최대 2인,퀸 침대,금연객실"),
(1,"파티룸 A  2인실",2,2,45000,"17:00","12:00","2인 /최대 2인,퀸 침대,금연객실"),
(2,"Deluxe",2,2,69800,"20:00","12:00","2인 /최대 2인,더블 침대,금연객실"),
(2,"Deluxe544",2,2,79800,"20:00","12:00","2인 /최대 2인,퀸 침대,금연객실"),
(2,"Premium",2,2,89800,"20:00","12:00","2인 /최대 2인,더블 침대,금연객실"),
(2,"Suite",2,2,149800,"20:00","12:00","2인 /최대 2인,킹 침대,금연객실"),
(2,"Royal Suite",2,2,169800,"20:00","12:00","2인 /최대 2인,킹 침대,금연객실"),
(3,"당일특가",2,2,55000,"22:00","15:00","2인 /최대 2인,퀸 침대,금연객실"),
(3,"무비룸 오픈특가",2,2,75000,"18:00","15:00","2인 /최대 2인,퀸 침대"),
(3,"디럭스 오픈특가",2,2,65000,"20:00","15:00","2인 /최대 2인,퀸 침대"),
(3,"스탠다드 오픈특가",2,2,50000,"20:00","15:00","2인 /최대 2인,퀸 침대"),
(3,"디럭스 트윈 오픈특가",2,2,65000,"18:00","15:00","2인 /최대 2인,퀸 침대,싱글 침대"),
(3,"스탠다드 트윈 오픈특가",2,2,65000,"18:00","15:00","2인 /최대 2인"),
(3,"스탠다드 롱타임",2,2,75000,"12:00","15:00","2인 /최대 2인,금연객실"),
(3,"스탠다드 게임룸",2,2,55000,"18:00","15:00","2인 /최대 2인,퀸 침대"),
(3,"트윈 스위트 오픈특가",2,3,80000,"18:00","15:00","2인 /최대 3인,퀸 침대"),
(3,"프리미엄 디럭스 오픈특가",2,2,70000,"18:00","15:00","2인 /최대 2인,퀸 침대"),
(3,"프리미엄 스위트 3PC",2,2,130000,"18:00","15:00","2인 /최대 2인,퀸 침대"),
(3,"프리미엄 스위트 오픈특가",2,2,80000,"18:00","15:00","2인 /최대 2인,퀸 침대"),
(4,"DELUXE",2,2,50000,"17:00","12:00","2인 /최대 2인,더블 침대,금연객실"),
(4,"STANDARD",2,2,40000,"17:00","12:00","2인 /최대 2인,금연객실"),
(4,"STANDARD133",2,2,45000,"17:00","12:00","2인 /최대 2인,더블 침대,금연객실"),
(4,"스위트698",2,2,60000,"17:00","12:00","2인 /최대 2인,금연객실"),
(4,"SUITE TWIN",2,2,60000,"17:00","12:00","2인 /최대 2인,퀸 침대,싱글 침대,금연객실"),
(4,"레이트체크인EVENT",2,2,35000,"20:00","12:00","2인 /최대 2인,금연객실"),
(4,"얼리체크인EVENT",2,2,50000,"17:00","12:00","2인 /최대 2인,금연객실"),
(4,"스위트",2,2,65000,"17:00","12:00","2인 /최대 2인,더블 침대,금연객실"),
(4,"DELUXE734",2,2,50000,"17:00","12:00","2인 /최대 2인,금연객실"),
(5,"3인 길드룸 PC",3,4,80000,"14:00","14:00","3인 /최대 4인,퀸 침대"),
(5,"VIP 커플PC",2,2,30000,"7시간","10:00 ~ 23:00","2인 /최대 2인,퀸 침대"),
(5,"디럭스 고사양 1인PC",2,2,45000,"14:00","14:00","2인 /최대 2인,퀸 침대"),
(5,"스위트B",5,6,180000,"16:00","14:00","5인 /최대 6인,퀸 침대"),
(5,"미니룸 고사양1PC",2,2,15000,"6시간","10:00 ~ 21:00","2인 /최대 2인,퀸 침대"),
(5,"스위트A",5,6,65000,"7시간","12:00 ~ 22:00","5인 /최대 6인,퀸 침대"),
(5,"스탠다드 고사양 1인PC",2,2,20000,"8시간","10:00 ~ 23:00","2인 /최대 2인,퀸 침대"),
(5,"안마특실고사양1PC",2,2,55000,"23:00","14:00","2인 /최대 2인,퀸 침대"),
(5,"프리미엄 커플PC A",2,2,27000,"7시간","10:00 ~ 23:00","2인 /최대 2인,퀸 침대"),
(5,"이벤트 할인특가 랜덤배정",2,2,25000,"9시간","12:00 ~ 23:00","2인 /최대 2인,퀸 침대"),
(5,"프리미엄 커플PC B",2,2,50000,"14:00","14:00","2인 /최대 2인,퀸 침대"),
(6," 내맘대로 12시간 STAY 디럭스 프리미엄",2,2,88000,"10:00","00:00","2인 /최대 2인,금연객실"),
(6," 내맘대로 12시간 STAY 점보 트윈 ",2,3,85000,"10:00","00:00","2인 /최대 3인,금연객실"),
(6," 점보 트윈 ",2,3,154000,"15:00","12:00","2인 /최대 3인,금연객실"),
(6," 디럭스 더블",2,2,154000,"15:00","12:00","2인 /최대 2인,금연객실"),
(6," 헐리웃 더블815",2,2,110000,"15:00","12:00","2인 /최대 2인,금연객실"),
(6,"디럭스 더블",2,2,137500,"15:00","12:00","2인 /최대 2인,금연객실"),
(6," 디럭스 트윈",2,2,121000,"15:00","12:00","2인 /최대 2인,금연객실"),
(6," 헐리웃 더블",2,2,91350,"15:00","12:00","2인 /최대 2인,금연객실"),
(6," 스탠다드 더블",2,2,143000,"15:00","12:00","2인 /최대 2인,금연객실"),
(6,"디럭스 프리미엄",2,2,135000,"15:00","12:00","2인 /최대 2인,금연객실"),
(6,"스탠다드 더블",2,2,132000,"15:00","12:00","2인 /최대 2인,금연객실"),
(6,"점보 트윈 ",2,3,137500,"15:00","12:00","2인 /최대 3인,금연객실"),
(7,"Movie & 더블",2,2,46000,"15:00","11:00","2인 /최대 2인,금연객실"),
(7,"디럭스 더블",2,2,23000,"4시간","10:00 ~ 19:00","2인 /최대 2인,퀸 침대,금연객실"),
(7,"Movie & 패밀리 트윈",3,5,66000,"15:00","11:00","3인 /최대 5인,금연객실"),
(7,"디럭스 트윈",2,4,50000,"15:00","11:00","2인 /최대 4인,금연객실"),
(7,"디럭스 더블 24시간 스테이",2,2,46000,"13:00","13:00","2인 /최대 2인,금연객실"),
(7,"머물다 가요 특가 day Use 6시간 랜덤 배정",2,2,30000,"6시간","10:00 ~ 19:00","2인 /최대 2인,금연객실"),
(7,"제주항 특가 꿀잠 4시간 스테이 랜덤 배정",2,2,23000,"4시간","10:00 ~ 19:00","2인 /최대 2인,금연객실"),
(7,"Movie & 프리미엄 스위트",3,5,63900,"15:00","11:00","3인 /최대 5인,퀸 침대,금연객실"),
(7,"제주공항 픽업서비스",2,2,10000,"18:00","22:00","2인 /최대 2인,금연객실"),
(8,"Standard A",2,2,75000,"23:00","12:00","2인 /최대 2인,금연객실"),
(8,"Standard 도보전용",2,2,65000,"22:00","12:00","2인 /최대 2인,퀸 침대"),
(8,"Standard B",2,2,80000,"22:00","12:00","2인 /최대 2인,금연객실"),
(9,"디럭스",2,3,120000,"14:00","12:00","2인 /최대 3인,금연객실"),
(9,"스탠다드",2,3,90000,"14:00","12:00","2인 /최대 3인,금연객실"),
(9,"스위트",2,4,160000,"14:00","12:00","2인 /최대 4인,금연객실"),
(10,"디럭스 더블",2,2,85000,"15:00","11:00","2인 /최대 2인,금연객실"),
(10,"로얄 그랜드 스위트",4,4,330000,"15:00","11:00","4인 /최대 4인,금연객실"),
(10,"디럭스 트리플",3,4,113000,"15:00","11:00","3인 /최대 4인,금연객실"),
(10,"디럭스 패밀리 트윈",2,3,102000,"15:00","11:00","2인 /최대 3인,금연객실"),
(10,"로얄 탑스텐 스위트",4,4,390000,"15:00","11:00","4인 /최대 4인,금연객실"),
(10,"로얄 슈페리어 스위트",4,4,300000,"15:00","11:00","4인 /최대 4인,금연객실"),
(10,"로얄 컴포트 스위트",6,6,420000,"15:00","11:00","6인 /최대 6인,금연객실"),
(10,"패밀리 스위트",6,8,210000,"15:00","11:00","6인 /최대 8인,금연객실"),
(10,"프리미어 스위트",4,6,164000,"15:00","11:00","4인 /최대 6인,금연객실"),
(10,"주니어 스위트",4,5,137000,"15:00","11:00","4인 /최대 5인,금연객실"),
(11,"A201",2,4,89000,"15:00","11:00","2인 /최대 4인,퀸 침대,금연객실"),
(11,"B102",2,8,99000,"15:00","11:00","2인 /최대 8인,퀸 침대,금연객실"),
(11,"A204",2,4,89000,"15:00","11:00","2인 /최대 4인,퀸 침대,금연객실"),
(11,"A102",2,8,99000,"15:00","11:00","2인 /최대 8인,퀸 침대,금연객실"),
(11,"A203",2,4,89000,"15:00","11:00","2인 /최대 4인,퀸 침대,금연객실"),
(11,"B202",2,4,89000,"15:00","11:00","2인 /최대 4인,퀸 침대,금연객실"),
(11,"B101",2,8,99000,"15:00","11:00","2인 /최대 8인,퀸 침대,금연객실"),
(11,"B203",2,4,89000,"15:00","11:00","2인 /최대 4인,퀸 침대,금연객실"),
(11,"B201",2,4,89000,"15:00","11:00","2인 /최대 4인,퀸 침대,금연객실"),
(11,"B204",2,4,89000,"15:00","11:00","2인 /최대 4인,퀸 침대,금연객실"),
(11,"A202",2,4,89000,"15:00","11:00","2인 /최대 4인,퀸 침대,금연객실"),
(12,"102호 에메랄드의성",5,6,100000,"15:00","11:00","5인 /최대 6인,금연객실"),
(12,"203호 나무꾼의심장",5,6,100000,"15:00","11:00","5인 /최대 6인,금연객실"),
(12,"201호 오즈의길",2,3,60000,"15:00","11:00","2인 /최대 3인,금연객실"),
(12,"202호 캔자스농장",4,5,80000,"15:00","11:00","4인 /최대 5인,금연객실"),
(12,"301호 사자의 용기",2,3,60000,"15:00","11:00","2인 /최대 3인,금연객실"),
(12,"204호 착한마녀",4,4,60000,"15:00","11:00","4인 /최대 4인,금연객실"),
(12,"103호 토토의시간",4,4,60000,"15:00","11:00","4인 /최대 4인,금연객실"),
(12,"302호 무지개파티",4,5,80000,"15:00","11:00","4인 /최대 5인,금연객실"),
(12,"303호 노란벽돌",1,0,200000,"15:00","11:00","10인 /최대 12인,금연객실"),
(12,"304호 허수아비의지혜",8,9,150000,"15:00","11:00","8인 /최대 9인,금연객실"),
(13,"13평",2,3,55300,"15:00","11:00","2인 /최대 3인,금연객실"),
(13,"20평",4,5,90000,"15:00","11:00","4인 /최대 5인,금연객실"),
(13,"23평",5,6,100000,"15:00","11:00","5인 /최대 6인,금연객실"),
(14,"301호",2,3,90000,"15:00","11:00","2인 /최대 3인,금연객실"),
(14,"302호",2,3,90000,"15:00","11:00","2인 /최대 3인,금연객실"),
(14,"303호",2,3,90000,"15:00","11:00","2인 /최대 3인,금연객실"),
(14,"403호",2,3,90000,"15:00","11:00","2인 /최대 3인,금연객실"),
(14,"402호",2,3,90000,"15:00","11:00","2인 /최대 3인,금연객실"),
(14,"401호",2,3,90000,"15:00","11:00","2인 /최대 3인,금연객실"),
(15,"A101",2,2,59400,"15:00","11:00","2인 /최대 2인,금연객실"),
(15,"A202",2,4,72900,"15:00","11:00","2인 /최대 4인,금연객실"),
(15,"A201",2,4,75000,"15:00","11:00","2인 /최대 4인,금연객실"),
(15,"A102",2,4,62100,"15:00","11:00","2인 /최대 4인,금연객실"),
(15,"VIP301",2,6,138000,"15:00","11:00","2인 /최대 6인,금연객실"),
(15,"B101",2,4,89100,"15:00","11:00","2인 /최대 4인,금연객실"),
(15,"B201",2,4,83700,"15:00","11:00","2인 /최대 4인,금연객실"),
(16,"A동 -NO4",2,4,50000,"15:00","11:00","2인 /최대 4인,퀸 침대,금연객실"),
(16,"A동-NO3",2,2,60000,"15:00","11:00","2인 /최대 2인,퀸 침대,금연객실"),
(16,"A동-NO5",2,3,50000,"15:00","11:00","2인 /최대 3인,퀸 침대,금연객실"),
(16,"A동-NO2",2,2,60000,"15:00","11:00","2인 /최대 2인,퀸 침대,금연객실"),
(16,"A동-NO5-1",2,3,60000,"15:00","11:00","2인 /최대 3인,퀸 침대,금연객실"),
(16,"B동-No4-2",2,4,50000,"15:00","11:00","2인 /최대 4인,퀸 침대,금연객실"),
(16,"B동- NO1",2,3,45000,"15:00","11:00","2인 /최대 3인,퀸 침대,금연객실"),
(16,"A동-NO2-1",2,3,60000,"15:00","11:00","2인 /최대 3인,퀸 침대,금연객실"),
(16,"B동-카페월풀A",2,2,70000,"15:00","11:00","2인 /최대 2인,퀸 침대,금연객실"),
(16,"R동 로뎀커플-1",2,4,50000,"15:00","11:00","2인 /최대 4인,퀸 침대,금연객실"),
(16,"R동 로뎀커플-3",2,4,50000,"15:00","11:00","2인 /최대 4인,퀸 침대,금연객실"),
(16,"R동 로뎀커플-2",2,4,50000,"15:00","11:00","2인 /최대 4인,퀸 침대,금연객실"),
(17,"3인실",3,3,70000,"15:00","11:00","3인 /최대 3인,금연객실"),
(17,"4인실",4,4,80000,"15:00","11:00","4인 /최대 4인,금연객실"),
(17,"디럭스트윈룸",2,2,35000,"15:00","11:00","2인 /최대 2인,싱글 침대,금연객실"),
(17,"더블룸",2,2,34000,"15:00","11:00","2인 /최대 2인,더블 침대,금연객실"),
(17,"싱글룸",1,1,29000,"15:00","11:00","1인 /최대 1인,싱글 침대,금연객실"),
(17,"벙크트윈룸",2,2,33000,"15:00","11:00","2인 /최대 2인,2층 침대,금연객실"),
(17,"여성 도미토리",1,1,20000,"15:00","11:00","1인 /최대 1인,금연객실"),
(17,"혼성 도미토리",1,1,20000,"15:00","11:00","1인 /최대 1인,금연객실"),
(17,"패밀리룸",3,3,65000,"15:00","11:00","3인 /최대 3인,금연객실"),
(18,"2인동시결제-남자6인도미토리",2,2,50000,"17:00","12:00","2인 /최대 2인,2층 침대,금연객실"),
(18,"남자 4인 도미토리",1,2,25000,"17:00","12:00","1인 /최대 2인,2층 침대,금연객실"),
(18,"3인동시결제-남자6인도미토리",3,3,75000,"17:00","12:00","3인 /최대 3인,2층 침대,금연객실"),
(18,"2인동시결제-여자 6인도미토리",2,2,50000,"17:00","12:00","2인 /최대 2인,2층 침대,금연객실"),
(18,"남자 6인 도미토리",1,6,25000,"17:00","12:00","1인 /최대 6인,2층 침대,금연객실"),
(18,"야외요가 + 여자 6인 도미토리",1,6,95000,"17:00","12:00","1인 /최대 6인,2층 침대,금연객실"),
(18,"4인동시결제-남자6인도미토리",4,4,100000,"17:00","12:00","4인 /최대 4인,2층 침대,금연객실"),
(18,"야외요가 + 남자 6인 도미토리",1,6,95000,"17:00","12:00","1인 /최대 6인,2층 침대,금연객실"),
(19,"5인 패밀리룸",5,5,75000,"14:00","11:00","5인 /최대 5인,금연객실"),
(19,"남성 3인 도미토리",1,1,18000,"14:00","11:00","1인 /최대 1인,금연객실"),
(19,"남성 5인 도미토리",1,1,15000,"14:00","11:00","1인 /최대 1인,금연객실"),
(19,"싱글룸",1,1,35000,"14:00","11:00","1인 /최대 1인,싱글 침대,금연객실"),
(19,"더블룸",2,2,42000,"14:00","11:00","2인 /최대 2인,더블 침대,금연객실"),
(19,"여성 5인 도미토리",1,1,15000,"14:00","11:00","1인 /최대 1인,금연객실"),
(19,"트리플룸",3,3,54000,"14:00","11:00","3인 /최대 3인,금연객실"),
(19,"트윈룸",2,2,42000,"14:00","11:00","2인 /최대 2인,싱글 침대,금연객실"),
(19,"트윈룸 2층침대",2,2,30000,"14:00","11:00","2인 /최대 2인,금연객실"),
(19,"여성 3인 도미토리",1,1,18000,"14:00","11:00","1인 /최대 1인,금연객실"),
(19,"싱글룸 2층침대",1,1,25000,"14:00","11:00","1인 /최대 1인,금연객실"),
(20,"2인 더블",2,2,50000,"15:00","11:00","2인 /최대 2인,킹 침대,금연객실"),
(20,"2인 트윈",2,2,50000,"15:00","11:00","2인 /최대 2인,슈퍼싱글 침대,금연객실"),
(20,"남 4인 도미토리",1,1,22000,"15:00","11:00","1인 /최대 1인,2층 침대,금연객실"),
(20,"여 4인 도미토리",1,1,22000,"15:00","11:00","1인 /최대 1인,2층 침대,금연객실"),
(20,"남 6인 도미토리",1,1,19000,"15:00","11:00","1인 /최대 1인,2층 침대,금연객실"),
(20,"여 6인 도미토리",1,1,19000,"15:00","11:00","1인 /최대 1인,2층 침대,금연객실");


INSERT INTO `T_RESERVATION_STATE` (`orderStatus`)
VALUES
("이용 전"),
("이용 중"),
("이용 완료"),
("취소");



INSERT INTO `T_RESERVATION` (`memberNum`,`accomNum`, `roomNum`, `reserveStatus`,`orderDate`,`useStartDate`,`useEndDate`,`price`)
VALUES
(1, 3, 1, 1, "2022-10-06", "2022-10-20", "2022-10-25", 55000),
(1, 11, 2, 1, "2022-10-16", "2022-10-26", "2022-10-27", 99000),
(3, 4, 3, 1, "2022-11-06", "2022-11-20", "2022-11-25", 45000),
(4, 5, 1, 1, "2022-12-06", "2022-12-12", "2022-12-14", 50000),
(5, 16, 2, 1, "2022-10-06", "2022-10-10", "2022-10-15", 60000),
(6, 7, 1, 1, "2022-11-18", "2022-11-20", "2022-11-25", 46000),
(8, 8, 2, 1, "2022-10-26", "2022-10-27", "2022-10-28", 65000),
(8, 9, 1, 1, "2022-11-06", "2022-11-23", "2022-11-25", 120000),
(9, 15, 1, 1, "2022-10-01", "2022-10-20", "2022-10-25", 59400),
(10, 13, 3, 1, "2022-12-01", "2022-12-20", "2022-12-25", 100000);


INSERT INTO `T_ROOM_RESERVATION_INFO` (`accomNum`,`roomNum`, `useStart`, `useEnd`)
VALUES
(3, 1, "2022-10-20", "2022-10-24"),
(11, 2,"2022-10-26", "2022-10-26"),
(4, 3, "2022-11-20", "2022-11-26"),
(5, 1, "2022-12-12", "2022-12-13"),
(16, 2, "2022-10-10", "2022-10-14"),
(7, 1, "2022-11-20", "2022-11-24"),
(8, 2, "2022-11-23", "2022-11-24"),
(15, 1, "2022-10-20", "2022-10-24"),
(13, 3, "2022-12-20", "2022-12-24");


INSERT INTO `T_CART` (`memberNum`,`accomNum`, `roomNum`, `useStart`, `useEnd`,`price`)
VALUES
(1, 1,1, "2022-11-20", "2022-11-24", 30000),
(1, 2,3,"2022-12-26", "2022-12-26", 89800),
(2, 3,2, "2022-10-20", "2022-10-26", 75000),
(3, 4,1, "2022-11-12", "2022-11-13", 80000),
(4, 16,5, "2022-11-10", "2022-11-14", 60000),
(5, 11,1, "2022-12-20", "2022-12-24", 89000),
(6, 19,4, "2022-12-23", "2022-12-24", 35000),
(7, 5,1, "2022-11-20", "2022-11-24", 50000),
(8, 9,2, "2022-10-20", "2022-10-24", 90000);


INSERT INTO `T_FACILITIES` (`facilityName`)
VALUES
("주차가능"),
("바다전망"),
("조식운영(뷔페)"),
("해수욕장 인근"),
("무료영화(OTT)"),
("파티룸"),
("와이파이"),
("파티가능"),
("객실금연"),
("공용주방"),
("공용거실"),
("도미토리"),
("체험"),
("대여"),
("어메니티"),
("유료세탁"),
("상비약"),
("수화물보관"),
("투어"),
("PC라운지"),
("커플룸"),
("피트니스"),
("비즈니스"),
("트윈베드"),
("루프탑"),
("흡연구역"),
("부티크 브랜드"),
("야외수영장"),
("레스토랑"),
("24시간 데스크"),
("객실내PC"),
("VOD"),
("고사양PC"),
("공기청정기"),
("야외테라스"),
("패밀리"),
("커피숍"),
("스파/월풀/욕조"),
("거울룸"),
("식사가능"),
("커플PC"),
("노래방"),
("게임"),
("개별바베큐"),
("수영장"),
("바베큐"),
("복층구조"),
("매점/편의점"),
("이벤트가능"),
("독채객실"),
("기본양념"),
("풀빌라");


INSERT INTO `T_WISHLIST` (`memberNum`, `accomNum`)
VALUES
(1, 12),
(1, 1),
(2, 11),
(2, 4),
(2, 5),
(3, 6),
(3, 17),
(4, 8),
(4, 9),
(5, 1),
(5, 2),
(6, 13),
(7, 3),
(8, 4),
(9, 5),
(9, 6);


INSERT INTO `T_ACCOM_VIEW_FACILITIES` (`accomNum`, `facilities`)
VALUES
(1, 12),
(1, 1),
(2, 11),
(2, 24),
(2, 35),
(3, 46),
(3, 17),
(4, 8),
(4, 9),
(5, 11),
(5, 2),
(6, 13),
(7, 23),
(8, 4),
(9, 5),
(9, 6),
(9, 36),
(10, 6),
(10, 7),
(11, 12),
(11, 1),
(12, 11),
(12, 44),
(12, 50),
(13, 6),
(13, 17),
(14, 18),
(14, 19),
(15, 3),
(15, 34),
(16, 15),
(17, 48),
(18, 4),
(19, 15),
(19, 6);


INSERT INTO `T_REVIEW` (`memberNum`, `accomNum`,`roomNum`,`orderNum`,`reviewRating`,`reviewCreated`,`reviewContent` )
VALUES
(1,	3,	1,	1, 2.5, "2022-10-26", "Automatic context help is disabled. Use the toolbar to manually get help for the current caret position or to toggle automatic help."),
(1,	11,	2,	2, 3.0, "2022-10-28", "[JavaScript] 현재 위치를 지도에 찍어주는 Geolocationhttps"),
(3,	4,	3,	3, 4.0, "2022-11-25", "구글 맵을 API로 가져오려면 billing 결제 정보를 업데이트하고 confirm을 받아야 온전한 지도, marker 까지 표시할 수 있다. 아직 나의 결제 정보는 confirm 중이여"),
(4,	5,	1,	4, 3.5, "2022-12-14", "현재 창의 최 상단으로부터 내가 스크롤 이벤트 주려는 div의 최상단 = 1500"),
(5,	16,	2,	5, 2.5, "2022-10-16", "그리고 javascript를 사용할 때 좀더 편리하게 사용하기 위해서 다음과 같은 코드를 사용하고는 합니다. const map = {};  insert key-value-pair map[' ."),
(6,	7,	1,	6, 2.5, "2022-11-30", "포항시는 대한민국 경상북도 동해안에 있는 시이다. 시의 중심으로 흐르는 형산강이 영일만에 유입되면서 넓은 충적평야를 형성하고 있다."),
(8,	8,	2,	7, 4.0, "2022-10-29", "김천시는 대한민국 경상북도 서부에 있는 시이다. 동쪽은 금오산, 서쪽은 황악산으로 소백산맥의 일맥이 산악 지대이다. "),
(8,	9,	1,	8, 1.0, "2022-11-27", "경부고속도로와 경부선이 지나며, 대전과 대구의 중간 지점에 있다. 율곡동 일원에는 한국도로공사 등이 이전하여 혁신도시가 조성되고 있다."),
(9,	15,	1,	9, 3.5, "2022-10-29", "1968년부터 포항제철이 조성되면서 철강 산업을 기반으로 경상북도 에서 많이 발전했고, 주민등록 인구는 약 50만명이다.위키백과"),
(10, 13, 3,	10, 3.0, "2022-12-31", "군산시는 대한민국 전라북도 북서부 해안가에 있는 시이다.");



INSERT INTO `T_REPLY` (`memberNum`, `accomNum`,`roomNum`,`orderNum`, `reviewNum`,`replyCreate`,`replyContent`)
VALUES
(1,	3,	1,	1, 9, "2022-10-26", "Automatic context help is disabled. Use the toolbar to manually get help for the current caret position or to toggle automatic help."),
(1,	11,	2,	2, 3, "2022-10-28", "[JavaScript] 현재 위치를 지도에 찍어주는 Geolocationhttps"),
(3,	4,	3,	3, 1, "2022-11-25", "구글 맵을 API로 가져오려면 billing 결제 정보를 업데이트하고 confirm을 받아야 온전한 지도, marker 까지 표시할 수 있다. 아직 나의 결제 정보는 confirm 중이여"),
(4,	5,	1,	4, 5, "2022-12-14", "현재 창의 최 상단으로부터 내가 스크롤 이벤트 주려는 div의 최상단 = 1500"),
(5,	16,	2,	5, 2, "2022-10-16", "그리고 javascript를 사용할 때 좀더 편리하게 사용하기 위해서 다음과 같은 코드를 사용하고는 합니다. const map = {};  insert key-value-pair map[' ."),
(6,	7,	1,	6, 4, "2022-11-30", "포항시는 대한민국 경상북도 동해안에 있는 시이다. 시의 중심으로 흐르는 형산강이 영일만에 유입되면서 넓은 충적평야를 형성하고 있다."),
(8,	8,	2,	7, 6, "2022-10-29", "김천시는 대한민국 경상북도 서부에 있는 시이다. 동쪽은 금오산, 서쪽은 황악산으로 소백산맥의 일맥이 산악 지대이다. "),
(8,	9,	1,	8, 7, "2022-11-27", "경부고속도로와 경부선이 지나며, 대전과 대구의 중간 지점에 있다. 율곡동 일원에는 한국도로공사 등이 이전하여 혁신도시가 조성되고 있다."),
(9,	15,	1,	9, 8, "2022-10-29", "1968년부터 포항제철이 조성되면서 철강 산업을 기반으로 경상북도 에서 많이 발전했고, 주민등록 인구는 약 50만명이다.위키백과"),
(10, 13, 3,	10, 10, "2022-12-31", "군산시는 대한민국 전라북도 북서부 해안가에 있는 시이다.");


INSERT INTO `T_BOARD_CATEGORY` (`boardCategoryName`, `boardParentNum`)
VALUES 
("공지사항",0),
("FAQ", 0),
("정보", 0),
("이벤트", 0),
("상품/서비스", 2),
("예약/결제", 2),
("변경/취소", 2),
("쿠폰/할인", 2),
("코인/포인트", 2),
("후기/댓글", 2),
("회원/개인정보", 2),
("믿고쓰는 오늘어때", 2);


INSERT INTO `T_BOARD` (`boardCategoryNum`,`boardTitle`,`boardContent`,`boardCreate`)
VALUES 
(1, "공지사항공지사항", "빈라이프구조디비구조리액트다른코드미치는", "2022-08-06"),
(3, "이런저런사항", "빈라이프구조디비구조리액트다른코드미치는", "2022-09-06"),
(3, "여름사항", "빈라이프구조디비구조리액트다른코드미치는", "2022-10-16"),
(4, "가을겨울사항", "빈라이프구조디비구조리액트다른코드미치는", "2022-02-11"),
(4, "여름사항", "빈라이프구조디비구조리액트다른코드미치는", "2022-03-16"),
(5, "가을겨울사항", "빈라이프구조디비구조리액트다른코드미치는", "2022-04-06"),
(5, "여름사항", "빈라이프구조디비구조리액트다른코드미치는", "2022-05-16"),
(6, "가을사항", "빈라이프구조디비구조리액트다른코드미치는", "2022-10-06"),
(6, "여름사항", "빈라이프구조디비구조리액트다른코드미치는", "2022-01-16"),
(7, "가을사항", "빈라이프구조디비구조리액트다른코드미치는", "2022-01-06"),
(7, "여름사항", "빈라이프구조디비구조리액트다른코드미치는", "2022-02-16"),
(8, "가을사항", "빈라이프구조디비구조리액트다른코드미치는", "2022-10-01"),
(8, "여름사항", "빈라이프구조디비구조리액트다른코드미치는", "2022-07-11"),
(9, "가을겨울사항", "빈라이프구조디비구조리액트다른코드미치는", "2022-10-02"),
(9, "여름사항", "빈라이프구조디비구조리액트다른코드미치는", "2022-08-13"),
(10, "가을겨울사항", "빈라이프구조디비구조리액트다른코드미치는", "2022-10-03"),
(11, "여름사항", "빈라이프구조디비구조리액트다른코드미치는", "2022-09-16"),
(12, "가을겨울사항", "빈라이프구조디비구조리액트다른코드미치는", "2022-10-06");


INSERT INTO `T_BOARD_IMAGE` (`boardNum`,`boardOriginFileName`,`boardSaveFileName`)
VALUES 
(1, "image17.jpg", "image17.jpg"),
(1, "image73.jpg", "image73.jpg"),
(2,  "image73.jpg", "image73.jpg"),
(3, "image10.jpg", "image10.jpg"),
(4, "image64.jpg", "image64.jpg"),
(5,  "image3.jpg", "image3.jpg"),
(6, "image120.jpg", "image120.jpg"),
(7, "image137.jpg", "image137.jpg"),
(8, "image100.jpg", "image100.jpg"),
(9,  "image69.jpg", "image69.jpg"),
(10, "image157.jpg", "image157.jpg");


INSERT INTO `T_REVIEW_IMAGE` (`reviewNum`,`reviewOriginFileName`,`reviewSaveFileName`)
VALUES 
(1, "image103.jpg", "image103.jpg"),
(1, "image150.jpg", "image150.jpg"),
(2,  "image32.jpg", "image32.jpg"),
(3,  "image62.jpg", "image62.jpg"),
(4,  "image70.jpg", "image70.jpg"),
(5, "image90.jpg", "image90.jpg"),
(6,  "image41.jpg", "image41.jpg"),
(7,  "image97.jpg", "image97.jpg"),
(8,  "image18.jpg", "image18.jpg"),
(9,  "image41.jpg", "image41.jpg"),
(10, "image76.jpg", "image76.jpg");



INSERT INTO `T_ROOM_IMAGE` (`roomNum`,`roomOriginFileName`,`roomSaveFileName`)
VALUES 
(1, "image112.jpg", "image112.jpg"),
(1, "image68.jpg", "image68.jpg")  ,
(1, "image51.jpg", "image51.jpg")  ,
(2, "image110.jpg", "image110.jpg"),
(2, "image91.jpg", "image91.jpg")  ,
(2, "image80.jpg", "image80.jpg"),
(3, "image3.jpg", "image3.jpg"),
(3, "image43.jpg", "image43.jpg"),
(3, "image88.jpg", "image88.jpg"),
(4, "image115.jpg", "image115.jpg"),
(4, "image5.jpg", "image5.jpg"),
(4, "image31.jpg", "image31.jpg"),
(5, "image35.jpg", "image35.jpg"),
(5, "image110.jpg", "image110.jpg"),
(5, "image60.jpg", "image60.jpg"),
(6, "image129.jpg", "image129.jpg"),
(6, "image103.jpg", "image103.jpg"),
(6, "image79.jpg", "image79.jpg"),
(7, "image16.jpg", "image16.jpg"),
(7, "image124.jpg", "image124.jpg"),
(7, "image99.jpg", "image99.jpg"),
(8, "image101.jpg", "image101.jpg"),
(8, "image158.jpg", "image158.jpg"),
(8, "image15.jpg", "image15.jpg"),
(9, "image83.jpg", "image83.jpg"),
(9, "image48.jpg", "image48.jpg"),
(9, "image91.jpg", "image91.jpg"),
(10, "image139.jpg", "image139.jpg"),
(10, "image132.jpg", "image132.jpg"),
(10, "image150.jpg", "image150.jpg"),
(11, "image93.jpg", "image93.jpg"),
(11, "image20.jpg", "image20.jpg"),
(11, "image158.jpg", "image158.jpg"),
(12, "image90.jpg", "image90.jpg"),
(12, "image4.jpg", "image4.jpg"),
(12, "image146.jpg", "image146.jpg"),
(13, "image126.jpg", "image126.jpg"),
(13, "image49.jpg", "image49.jpg"),
(13, "image72.jpg", "image72.jpg"),
(14, "image57.jpg", "image57.jpg"),
(14, "image143.jpg", "image143.jpg"),
(14, "image111.jpg", "image111.jpg"),
(15, "image111.jpg", "image111.jpg"),
(15, "image6.jpg", "image6.jpg"),
(15, "image159.jpg", "image159.jpg"),
(16, "image62.jpg", "image62.jpg"),
(16, "image74.jpg", "image74.jpg"),
(16, "image80.jpg", "image80.jpg"),
(17, "image8.jpg", "image8.jpg"),
(17, "image14.jpg", "image14.jpg"),
(17, "image5.jpg", "image5.jpg"),
(18, "image9.jpg", "image9.jpg"),
(18, "image14.jpg", "image14.jpg"),
(18, "image135.jpg", "image135.jpg"),
(19, "image47.jpg", "image47.jpg"),
(19, "image103.jpg", "image103.jpg"),
(19, "image91.jpg", "image91.jpg"),
(20, "image48.jpg", "image48.jpg"),
(20, "image7.jpg", "image7.jpg"),
(20, "image150.jpg", "image150.jpg"),
(21, "image82.jpg", "image82.jpg"),
(21, "image112.jpg", "image112.jpg"),
(21, "image124.jpg", "image124.jpg"),
(22, "image70.jpg", "image70.jpg"),
(22, "image20.jpg", "image20.jpg"),
(22, "image136.jpg", "image136.jpg"),
(23, "image37.jpg", "image37.jpg"),
(23, "image93.jpg", "image93.jpg"),
(23, "image88.jpg", "image88.jpg"),
(24, "image15.jpg", "image15.jpg"),
(24, "image9.jpg", "image9.jpg"),
(24, "image17.jpg", "image17.jpg"),
(25, "image24.jpg", "image24.jpg"),
(25, "image38.jpg", "image38.jpg"),
(25, "image69.jpg", "image69.jpg"),
(26, "image44.jpg", "image44.jpg"),
(26, "image45.jpg", "image45.jpg"),
(26, "image23.jpg", "image23.jpg"),
(27, "image79.jpg", "image79.jpg"),
(27, "image25.jpg", "image25.jpg"),
(27, "image159.jpg", "image159.jpg"),
(28, "image80.jpg", "image80.jpg"),
(28, "image37.jpg", "image37.jpg"),
(28, "image112.jpg", "image112.jpg"),
(29, "image53.jpg", "image53.jpg"),
(29, "image64.jpg", "image64.jpg"),
(29, "image129.jpg", "image129.jpg"),
(30, "image28.jpg", "image28.jpg"),
(30, "image119.jpg", "image119.jpg"),
(30, "image113.jpg", "image113.jpg"),
(31, "image54.jpg", "image54.jpg"),
(31, "image75.jpg", "image75.jpg"),
(31, "image11.jpg", "image11.jpg"),
(32, "image108.jpg", "image108.jpg"),
(32, "image67.jpg", "image67.jpg"),
(32, "image88.jpg", "image88.jpg"),
(33, "image95.jpg", "image95.jpg"),
(33, "image130.jpg", "image130.jpg"),
(33, "image44.jpg", "image44.jpg"),
(34, "image39.jpg", "image39.jpg"),
(34, "image98.jpg", "image98.jpg"),
(34, "image117.jpg", "image117.jpg"),
(35, "image99.jpg", "image99.jpg"),
(35, "image68.jpg", "image68.jpg"),
(35, "image90.jpg", "image90.jpg"),
(36, "image18.jpg", "image18.jpg"),
(36, "image100.jpg", "image100.jpg"),
(36, "image23.jpg", "image23.jpg"),
(37, "image87.jpg", "image87.jpg"),
(37, "image71.jpg", "image71.jpg"),
(37, "image132.jpg", "image132.jpg"),
(38, "image21.jpg", "image21.jpg"),
(38, "image148.jpg", "image148.jpg"),
(38, "image90.jpg", "image90.jpg"),
(39, "image15.jpg", "image15.jpg"),
(39, "image132.jpg", "image132.jpg"),
(39, "image59.jpg", "image59.jpg"),
(40, "image79.jpg", "image79.jpg"),
(40, "image62.jpg", "image62.jpg"),
(40, "image71.jpg", "image71.jpg"),
(41, "image10.jpg", "image10.jpg"),
(41, "image135.jpg", "image135.jpg"),
(41, "image87.jpg", "image87.jpg"),
(42, "image37.jpg", "image37.jpg"),
(42, "image1.jpg", "image1.jpg"),
(42, "image131.jpg", "image131.jpg"),
(43, "image114.jpg", "image114.jpg"),
(43, "image127.jpg", "image127.jpg"),
(43, "image31.jpg", "image31.jpg"),
(44, "image2.jpg", "image2.jpg"),
(44, "image39.jpg", "image39.jpg"),
(44, "image135.jpg", "image135.jpg"),
(45, "image51.jpg", "image51.jpg"),
(45, "image137.jpg", "image137.jpg"),
(45, "image121.jpg", "image121.jpg"),
(46, "image88.jpg", "image88.jpg"),
(46, "image130.jpg", "image130.jpg"),
(46, "image82.jpg", "image82.jpg"),
(47, "image81.jpg", "image81.jpg"),
(47, "image7.jpg", "image7.jpg"),
(47, "image6.jpg", "image6.jpg"),
(48, "image66.jpg", "image66.jpg"),
(48, "image142.jpg", "image142.jpg"),
(48, "image114.jpg", "image114.jpg"),
(49, "image75.jpg", "image75.jpg"),
(49, "image60.jpg", "image60.jpg"),
(49, "image157.jpg", "image157.jpg"),
(50, "image37.jpg", "image37.jpg"),
(50, "image114.jpg", "image114.jpg"),
(50, "image43.jpg", "image43.jpg"),
(51, "image6.jpg", "image6.jpg"),
(51, "image64.jpg", "image64.jpg"),
(51, "image39.jpg", "image39.jpg"),
(52, "image36.jpg", "image36.jpg"),
(52, "image19.jpg", "image19.jpg"),
(52, "image102.jpg", "image102.jpg"),
(53, "image119.jpg", "image119.jpg"),
(53, "image48.jpg", "image48.jpg"),
(53, "image1.jpg", "image1.jpg"),
(54, "image89.jpg", "image89.jpg"),
(54, "image137.jpg", "image137.jpg"),
(54, "image51.jpg", "image51.jpg"),
(55, "image26.jpg", "image26.jpg"),
(55, "image83.jpg", "image83.jpg"),
(55, "image149.jpg", "image149.jpg"),
(56, "image38.jpg", "image38.jpg"),
(56, "image117.jpg", "image117.jpg"),
(56, "image109.jpg", "image109.jpg"),
(57, "image18.jpg", "image18.jpg"),
(57, "image68.jpg", "image68.jpg"),
(57, "image39.jpg", "image39.jpg"),
(58, "image152.jpg", "image152.jpg"),
(58, "image3.jpg", "image3.jpg"),
(58, "image7.jpg", "image7.jpg"),
(59, "image24.jpg", "image24.jpg"),
(59, "image105.jpg", "image105.jpg"),
(59, "image132.jpg", "image132.jpg"),
(60, "image126.jpg", "image126.jpg"),
(60, "image128.jpg", "image128.jpg"),
(60, "image63.jpg", "image63.jpg"),
(61, "image58.jpg", "image58.jpg"),
(61, "image155.jpg", "image155.jpg"),
(61, "image58.jpg", "image58.jpg"),
(62, "image80.jpg", "image80.jpg"),
(62, "image4.jpg", "image4.jpg"),
(62, "image157.jpg", "image157.jpg"),
(63, "image97.jpg", "image97.jpg"),
(63, "image132.jpg", "image132.jpg"),
(63, "image155.jpg", "image155.jpg"),
(64, "image106.jpg", "image106.jpg"),
(64, "image3.jpg", "image3.jpg"),
(64, "image121.jpg", "image121.jpg"),
(65, "image142.jpg", "image142.jpg"),
(65, "image84.jpg", "image84.jpg"),
(65, "image24.jpg", "image24.jpg"),
(66, "image98.jpg", "image98.jpg"),
(66, "image51.jpg", "image51.jpg"),
(66, "image88.jpg", "image88.jpg"),
(67, "image32.jpg", "image32.jpg"),
(67, "image53.jpg", "image53.jpg"),
(67, "image129.jpg", "image129.jpg"),
(68, "image33.jpg", "image33.jpg"),
(68, "image32.jpg", "image32.jpg"),
(68, "image142.jpg", "image142.jpg"),
(69, "image47.jpg", "image47.jpg"),
(69, "image79.jpg", "image79.jpg"),
(69, "image11.jpg", "image11.jpg"),
(70, "image36.jpg", "image36.jpg"),
(70, "image72.jpg", "image72.jpg"),
(70, "image159.jpg", "image159.jpg"),
(71, "image144.jpg", "image144.jpg"),
(71, "image83.jpg", "image83.jpg"),
(71, "image104.jpg", "image104.jpg"),
(72, "image50.jpg", "image50.jpg"),
(72, "image91.jpg", "image91.jpg"),
(72, "image113.jpg", "image113.jpg"),
(73, "image69.jpg", "image69.jpg"),
(73, "image34.jpg", "image34.jpg"),
(73, "image14.jpg", "image14.jpg"),
(74, "image31.jpg", "image31.jpg"),
(74, "image130.jpg", "image130.jpg"),
(74, "image10.jpg", "image10.jpg"),
(75, "image69.jpg", "image69.jpg"),
(75, "image13.jpg", "image13.jpg"),
(75, "image8.jpg", "image8.jpg"),
(76, "image48.jpg", "image48.jpg"),
(76, "image119.jpg", "image119.jpg"),
(76, "image86.jpg", "image86.jpg"),
(77, "image33.jpg", "image33.jpg"),
(77, "image153.jpg", "image153.jpg"),
(77, "image124.jpg", "image124.jpg"),
(78, "image14.jpg", "image14.jpg"),
(78, "image85.jpg", "image85.jpg"),
(78, "image108.jpg", "image108.jpg"),
(79, "image110.jpg", "image110.jpg"),
(79, "image27.jpg", "image27.jpg"),
(79, "image79.jpg", "image79.jpg"),
(80, "image118.jpg", "image118.jpg"),
(80, "image1.jpg", "image1.jpg"),
(80, "image66.jpg", "image66.jpg"),
(81, "image63.jpg", "image63.jpg"),
(81, "image120.jpg", "image120.jpg"),
(81, "image127.jpg", "image127.jpg"),
(82, "image61.jpg", "image61.jpg"),
(82, "image128.jpg", "image128.jpg"),
(82, "image84.jpg", "image84.jpg"),
(83, "image101.jpg", "image101.jpg"),
(83, "image98.jpg", "image98.jpg"),
(83, "image49.jpg", "image49.jpg"),
(84, "image110.jpg", "image110.jpg"),
(84, "image37.jpg", "image37.jpg"),
(84, "image52.jpg", "image52.jpg"),
(85, "image69.jpg", "image69.jpg"),
(85, "image65.jpg", "image65.jpg"),
(85, "image96.jpg", "image96.jpg"),
(86, "image104.jpg", "image104.jpg"),
(86, "image32.jpg", "image32.jpg"),
(86, "image29.jpg", "image29.jpg"),
(87, "image125.jpg", "image125.jpg"),
(87, "image45.jpg", "image45.jpg"),
(87, "image94.jpg", "image94.jpg"),
(88, "image81.jpg", "image81.jpg"),
(88, "image27.jpg", "image27.jpg"),
(88, "image150.jpg", "image150.jpg"),
(89, "image39.jpg", "image39.jpg"),
(89, "image53.jpg", "image53.jpg"),
(89, "image68.jpg", "image68.jpg"),
(90, "image68.jpg", "image68.jpg"),
(90, "image153.jpg", "image153.jpg"),
(90, "image86.jpg", "image86.jpg"),
(91, "image91.jpg", "image91.jpg"),
(91, "image73.jpg", "image73.jpg"),
(91, "image85.jpg", "image85.jpg"),
(92, "image118.jpg", "image118.jpg"),
(92, "image117.jpg", "image117.jpg"),
(92, "image57.jpg", "image57.jpg"),
(93, "image43.jpg", "image43.jpg"),
(93, "image59.jpg", "image59.jpg"),
(93, "image89.jpg", "image89.jpg"),
(94, "image55.jpg", "image55.jpg"),
(94, "image122.jpg", "image122.jpg"),
(94, "image7.jpg", "image7.jpg"),
(95, "image157.jpg", "image157.jpg"),
(95, "image151.jpg", "image151.jpg"),
(95, "image44.jpg", "image44.jpg"),
(96, "image88.jpg", "image88.jpg"),
(96, "image2.jpg", "image2.jpg"),
(96, "image121.jpg", "image121.jpg"),
(97, "image37.jpg", "image37.jpg"),
(97, "image151.jpg", "image151.jpg"),
(97, "image62.jpg", "image62.jpg"),
(98, "image114.jpg", "image114.jpg"),
(98, "image112.jpg", "image112.jpg"),
(98, "image34.jpg", "image34.jpg"),
(99, "image93.jpg", "image93.jpg"),
(99, "image94.jpg", "image94.jpg"),
(99, "image77.jpg", "image77.jpg"),
(100, "image25.jpg", "image25.jpg"),
(100, "image18.jpg", "image18.jpg"),
(100, "image146.jpg", "image146.jpg"),
(101, "image148.jpg", "image148.jpg"),
(101, "image113.jpg", "image113.jpg"),
(101, "image56.jpg", "image56.jpg"),
(102, "image75.jpg", "image75.jpg"),
(102, "image67.jpg", "image67.jpg"),
(102, "image72.jpg", "image72.jpg"),
(103, "image86.jpg", "image86.jpg"),
(103, "image38.jpg", "image38.jpg"),
(103, "image28.jpg", "image28.jpg"),
(104, "image9.jpg", "image9.jpg"),
(104, "image113.jpg", "image113.jpg"),
(104, "image85.jpg", "image85.jpg"),
(105, "image53.jpg", "image53.jpg"),
(105, "image131.jpg", "image131.jpg"),
(105, "image45.jpg", "image45.jpg"),
(106, "image32.jpg", "image32.jpg"),
(106, "image47.jpg", "image47.jpg"),
(106, "image97.jpg", "image97.jpg"),
(107, "image124.jpg", "image124.jpg"),
(107, "image21.jpg", "image21.jpg"),
(107, "image83.jpg", "image83.jpg"),
(108, "image18.jpg", "image18.jpg"),
(108, "image83.jpg", "image83.jpg"),
(108, "image115.jpg", "image115.jpg"),
(109, "image101.jpg", "image101.jpg"),
(109, "image47.jpg", "image47.jpg"),
(109, "image33.jpg", "image33.jpg"),
(110, "image28.jpg", "image28.jpg"),
(110, "image137.jpg", "image137.jpg"),
(110, "image2.jpg", "image2.jpg"),
(111, "image114.jpg", "image114.jpg"),
(111, "image54.jpg", "image54.jpg"),
(111, "image70.jpg", "image70.jpg"),
(112, "image58.jpg", "image58.jpg"),
(112, "image15.jpg", "image15.jpg"),
(112, "image66.jpg", "image66.jpg"),
(113, "image45.jpg", "image45.jpg"),
(113, "image104.jpg", "image104.jpg"),
(113, "image96.jpg", "image96.jpg"),
(114, "image109.jpg", "image109.jpg"),
(114, "image36.jpg", "image36.jpg"),
(114, "image66.jpg", "image66.jpg"),
(115, "image60.jpg", "image60.jpg"),
(115, "image37.jpg", "image37.jpg"),
(115, "image63.jpg", "image63.jpg"),
(116, "image103.jpg", "image103.jpg"),
(116, "image96.jpg", "image96.jpg"),
(116, "image124.jpg", "image124.jpg"),
(117, "image20.jpg", "image20.jpg"),
(117, "image123.jpg", "image123.jpg"),
(117, "image36.jpg", "image36.jpg"),
(118, "image106.jpg", "image106.jpg"),
(118, "image58.jpg", "image58.jpg"),
(118, "image32.jpg", "image32.jpg"),
(119, "image149.jpg", "image149.jpg"),
(119, "image111.jpg", "image111.jpg"),
(119, "image154.jpg", "image154.jpg"),
(120, "image121.jpg", "image121.jpg"),
(120, "image57.jpg", "image57.jpg"),
(120, "image2.jpg", "image2.jpg"),
(121, "image28.jpg", "image28.jpg"),
(121, "image21.jpg", "image21.jpg"),
(121, "image120.jpg", "image120.jpg"),
(122, "image71.jpg", "image71.jpg"),
(122, "image31.jpg", "image31.jpg"),
(122, "image44.jpg", "image44.jpg"),
(123, "image6.jpg", "image6.jpg"),
(123, "image38.jpg", "image38.jpg"),
(123, "image153.jpg", "image153.jpg"),
(124, "image55.jpg", "image55.jpg"),
(124, "image62.jpg", "image62.jpg"),
(124, "image9.jpg", "image9.jpg"),
(125, "image94.jpg", "image94.jpg"),
(125, "image68.jpg", "image68.jpg"),
(125, "image105.jpg", "image105.jpg"),
(126, "image104.jpg", "image104.jpg"),
(126, "image62.jpg", "image62.jpg"),
(126, "image156.jpg", "image156.jpg"),
(127, "image53.jpg", "image53.jpg"),
(127, "image83.jpg", "image83.jpg"),
(127, "image13.jpg", "image13.jpg"),
(128, "image106.jpg", "image106.jpg"),
(128, "image20.jpg", "image20.jpg"),
(128, "image29.jpg", "image29.jpg"),
(129, "image59.jpg", "image59.jpg"),
(129, "image11.jpg", "image11.jpg"),
(129, "image94.jpg", "image94.jpg"),
(130, "image104.jpg", "image104.jpg"),
(130, "image139.jpg", "image139.jpg"),
(130, "image126.jpg", "image126.jpg"),
(131, "image76.jpg", "image76.jpg"),
(131, "image116.jpg", "image116.jpg"),
(131, "image97.jpg", "image97.jpg"),
(132, "image16.jpg", "image16.jpg"),
(132, "image67.jpg", "image67.jpg"),
(132, "image152.jpg", "image152.jpg"),
(133, "image3.jpg", "image3.jpg"),
(133, "image58.jpg", "image58.jpg"),
(133, "image81.jpg", "image81.jpg"),
(134, "image139.jpg", "image139.jpg"),
(134, "image146.jpg", "image146.jpg"),
(134, "image125.jpg", "image125.jpg"),
(135, "image86.jpg", "image86.jpg"),
(135, "image85.jpg", "image85.jpg"),
(135, "image32.jpg", "image32.jpg"),
(136, "image80.jpg", "image80.jpg"),
(136, "image157.jpg", "image157.jpg"),
(136, "image88.jpg", "image88.jpg"),
(137, "image43.jpg", "image43.jpg"),
(137, "image79.jpg", "image79.jpg"),
(137, "image63.jpg", "image63.jpg"),
(138, "image63.jpg", "image63.jpg"),
(138, "image113.jpg", "image113.jpg"),
(138, "image32.jpg", "image32.jpg"),
(139, "image157.jpg", "image157.jpg"),
(139, "image101.jpg", "image101.jpg"),
(139, "image1.jpg", "image1.jpg"),
(140, "image88.jpg", "image88.jpg"),
(140, "image51.jpg", "image51.jpg"),
(140, "image141.jpg", "image141.jpg"),
(141, "image95.jpg", "image95.jpg"),
(141, "image137.jpg", "image137.jpg"),
(141, "image56.jpg", "image56.jpg"),
(142, "image48.jpg", "image48.jpg"),
(142, "image118.jpg", "image118.jpg"),
(142, "image85.jpg", "image85.jpg"),
(143, "image6.jpg", "image6.jpg"),
(143, "image11.jpg", "image11.jpg"),
(143, "image66.jpg", "image66.jpg"),
(144, "image82.jpg", "image82.jpg"),
(144, "image138.jpg", "image138.jpg"),
(144, "image109.jpg", "image109.jpg"),
(145, "image88.jpg", "image88.jpg"),
(145, "image59.jpg", "image59.jpg"),
(145, "image42.jpg", "image42.jpg"),
(146, "image154.jpg", "image154.jpg"),
(146, "image67.jpg", "image67.jpg"),
(146, "image74.jpg", "image74.jpg"),
(147, "image75.jpg", "image75.jpg"),
(147, "image148.jpg", "image148.jpg"),
(147, "image6.jpg", "image6.jpg"),
(148, "image31.jpg", "image31.jpg"),
(148, "image145.jpg", "image145.jpg"),
(148, "image25.jpg", "image25.jpg"),
(149, "image141.jpg", "image141.jpg"),
(149, "image37.jpg", "image37.jpg"),
(149, "image81.jpg", "image81.jpg"),
(150, "image7.jpg", "image7.jpg"),
(150, "image1.jpg", "image1.jpg"),
(150, "image65.jpg", "image65.jpg"),
(151, "image13.jpg", "image13.jpg"),
(151, "image13.jpg", "image13.jpg"),
(151, "image49.jpg", "image49.jpg"),
(152, "image95.jpg", "image95.jpg"),
(152, "image122.jpg", "image122.jpg"),
(152, "image123.jpg", "image123.jpg"),
(153, "image23.jpg", "image23.jpg"),
(153, "image110.jpg", "image110.jpg"),
(153, "image21.jpg", "image21.jpg"),
(154, "image81.jpg", "image81.jpg"),
(154, "image155.jpg", "image155.jpg"),
(154, "image148.jpg", "image148.jpg"),
(155, "image9.jpg", "image9.jpg"),
(155, "image34.jpg", "image34.jpg"),
(155, "image124.jpg", "image124.jpg"),
(156, "image51.jpg", "image51.jpg"),
(156, "image81.jpg", "image81.jpg"),
(156, "image55.jpg", "image55.jpg"),
(157, "image110.jpg", "image110.jpg"),
(157, "image44.jpg", "image44.jpg"),
(157, "image109.jpg", "image109.jpg"),
(158, "image42.jpg", "image42.jpg"),
(158, "image152.jpg", "image152.jpg"),
(158, "image30.jpg", "image30.jpg"),
(159, "image139.jpg", "image139.jpg"),
(159, "image134.jpg", "image134.jpg"),
(159, "image141.jpg", "image141.jpg"),
(160, "image96.jpg", "image96.jpg"),
(160, "image128.jpg", "image128.jpg"),
(160, "image73.jpg", "image73.jpg"),
(161, "image93.jpg", "image93.jpg"),
(161, "image92.jpg", "image92.jpg"),
(161, "image22.jpg", "image22.jpg");


INSERT INTO `T_ACCOM_IMAGE` (`accomNum`,`accomOriginFileName`,`accomSaveFileName`)
VALUES 
(1, "image0.jpg", "image0.jpg"),
(1, "image1.jpg", "image1.jpg"),
(2, "image2.jpg", "image2.jpg"),
(2, "image3.jpg", "image3.jpg"),
(3, "image4.jpg", "image4.jpg"),
(3, "image5.jpg", "image5.jpg"),
(4, "image6.jpg", "image6.jpg"),
(4, "image7.jpg", "image7.jpg"),
(5, "image8.jpg", "image8.jpg"),
(5, "image9.jpg", "image9.jpg"),
(6, "image10.jpg","image10.jpg"),
(6, "image11.jpg","image11.jpg"),
(7, "image12.jpg","image12.jpg"),
(7, "image13.jpg","image13.jpg"),
(8, "image14.jpg","image14.jpg"),
(8, "image15.jpg","image15.jpg"),
(9, "image16.jpg","image16.jpg"),
(9, "image17.jpg","image17.jpg"),
(10, "image18.jpg","image18.jpg"),
(10, "image19.jpg","image19.jpg"),
(11, "image20.jpg","image20.jpg"),
(11, "image21.jpg","image21.jpg"),
(12, "image22.jpg","image22.jpg"),
(12, "image23.jpg","image23.jpg"),
(13, "image24.jpg","image24.jpg"),
(13, "image25.jpg","image25.jpg"),
(14, "image26.jpg","image26.jpg"),
(14, "image27.jpg","image27.jpg"),
(15, "image28.jpg","image28.jpg"),
(15, "image29.jpg","image29.jpg"),
(16, "image30.jpg","image30.jpg"),
(16, "image31.jpg","image31.jpg"),
(17, "image32.jpg","image32.jpg"),
(17, "image33.jpg","image33.jpg"),
(18, "image34.jpg","image34.jpg"),
(18, "image35.jpg","image35.jpg"),
(19, "image36.jpg","image36.jpg"),
(19, "image37.jpg","image37.jpg"),
(20, "image38.jpg","image38.jpg"),
(20, "image39.jpg","image39.jpg");































